Deal Number,Investor Country 1 Alpha-2,Target Alpha-2,Target Country,Target Region,Investor 1,Investor 2,Investor 3,Investor Country 1,Investor Country 2,Investor Country 3,Investor Region 1,Investor Region 2,Investor Region 3,Inv. Sector 1,Inv. Sector 2,Inv. Sector 3,Crop 1,Crop 2,Crop 3,Year,Hectares
2,BD,BD,Bangladesh,South Asia,"Individual entrepreauner, industrialist, private companies etc.",,,Bangladesh,,,South Asia,,,Agriculture,,,Corn (Maize),Pulses,Rice,2010,24456
4,BD,BD,Bangladesh,South Asia,Individual entrepreuners: political leaders and business houses,,,Bangladesh,,,South Asia,,,Livestock,,,,,,2003,5000
11,VN,KH,Cambodia,South-East Asia,30/4 Gialani Company Limited,,,Viet Nam,,,South-East Asia,,,Agriculture,,,,,,2005,9380
13,CN,KH,Cambodia,South-East Asia,Agro Forestry Research,,,China,,,Eastern Asia,,,Agriculture,Forestry,,Accacia,,,2009,7000
16,KH,KH,Cambodia,South-East Asia,An Mardy Group,,,Cambodia,,,South-East Asia,,,Livestock,,,,,,2005,9863
17,TH,KH,Cambodia,South-East Asia,Angkor Sugar,,,Thailand,,,South-East Asia,,,Agriculture,,,Sugar Cane,,,2008,6523
19,VN,KH,Cambodia,South-East Asia,Bigimexco Sothy Aphivath,,,Viet Nam,,,South-East Asia,,,Agriculture,,,Rubber,,,,10603
20,KR,KH,Cambodia,South-East Asia,BNA (Cam) Corp,,,Republic of Korea,,,Eastern Asia,,,Agriculture,,,Cassava (Maniok),,,2009,7500
23,KR,KH,Cambodia,South-East Asia,"C.J Cambodia Co., Ltd",,,Republic of Korea,,,Eastern Asia,,,Agriculture,,,Cassava (Maniok),,,2001,5000
26,KH,KH,Cambodia,South-East Asia,"CAMLAND Co., Ltd.",,,Cambodia,,,South-East Asia,,,Agriculture,,,Oil Palm,,,2000,16000
27,IN,KH,Cambodia,South-East Asia,Carmadeno Venture (Cambodia) Limited,,,India,,,South Asia,,,Agriculture,,,Sugar Cane,,,2009,7635
29,US,KH,Cambodia,South-East Asia,Central First Company Limited,,,United States of America,,,Northern America,,,Agriculture,,,Rubber,,,2009,7000
30,CN,KH,Cambodia,South-East Asia,China National Corp for Overseas Economic Coop Laostar Dvpt,,,China,,,Eastern Asia,,,Agriculture,,,Corn (Maize),Rice,Vegetables,2000,8000
32,TH,KH,Cambodia,South-East Asia,Crystal Agro ltd,,,Thailand,,,South-East Asia,,,Agriculture,,,Cassava (Maniok),,,2006,8000
33,KH,KH,Cambodia,South-East Asia,CIV development company,,,Cambodia,,,South-East Asia,,,Agriculture,,,Cassava (Maniok),,,2008,769
34,KH,KH,Cambodia,South-East Asia,"Covyphama Co., Ltd",,,Cambodia,,,South-East Asia,,,Agriculture,,,Rubber,,,2008,5345
36,KH,KH,Cambodia,South-East Asia,D.T.C (Group),,,Cambodia,,,South-East Asia,,,Agriculture,,,Rubber,,,2009,4000
37,VN,KH,Cambodia,South-East Asia,Doty Saigon-Binh Phouc (SBK),,,Viet Nam,,,South-East Asia,,,Agriculture,,,Cashew,Cassava (Maniok),Rubber,2007,6436
38,KH,KH,Cambodia,South-East Asia,"FIRST BIO-TECH AGRICULTURAL  (CAMBODIA) Co., Ltd",,,Cambodia,,,South-East Asia,,,Livestock,,,,,,2005,10000
39,MY,KH,Cambodia,South-East Asia,Fortuna Plantation (Cambodia) Limited,,,Malaysia,,,South-East Asia,,,Agriculture,,,Jatropha,,,2009,7955
42,CN,KH,Cambodia,South-East Asia,"GG WORLD GROUP (CAMBODIA) DEVELOPMENT Co., Ltd",,,China,,,Eastern Asia,,,Agriculture,Forestry,,Cashew,,,2005,5000
43,US,KH,Cambodia,South-East Asia,"Global Agricultural Development (Cambodia) Co., Ltd",,,United States of America,,,Northern America,,,Agriculture,Forestry,,Trees,,,2006,9800
45,CN,KH,Cambodia,South-East Asia,Gold Foison (Cambodia) A/C Import Export & Construction,,,China,,,Eastern Asia,,,Agriculture,Forestry,,Accacia,,,2007,7000
46,CN,KH,Cambodia,South-East Asia,"Golden Land Development Co., Ltd",,,China,,,Eastern Asia,,,,,,,,,2004,4900
48,CN,KH,Cambodia,South-East Asia,Grand Land Agric Dvpt,,,China,,,Eastern Asia,,,Agriculture,Forestry,,Teak,,,2006,9854
49,US,KH,Cambodia,South-East Asia,Grandis Timber Ltd,,,United States of America,,,Northern America,,,Agriculture,Forestry,,Teak,,,2009,9820
50,CN,KH,Cambodia,South-East Asia,"Great Asset Agricultural Development (Cambodia) Co., Ltd",,,China,,,Eastern Asia,,,Agriculture,Forestry,,Trees,,,2006,8985
52,US,KH,Cambodia,South-East Asia,Green Island Agric Dvpt,,,United States of America,,,Northern America,,,Agriculture,Forestry,,Teak,,,2006,9583
54,KH,KH,Cambodia,South-East Asia,"Green Sea Agriculture Co., Ltd.",,,Cambodia,,,South-East Asia,,,Agriculture,Forestry,,Trees,,,2001,100852
55,KH,KH,Cambodia,South-East Asia,"H.M.H Co., Ltd",,,Cambodia,,,South-East Asia,,,Agriculture,Forestry,,Accacia,Eucalyptus,Trees,2006,5914
57,VN,KH,Cambodia,South-East Asia,Heng Brother,,,Viet Nam,,,South-East Asia,,,Agriculture,Forestry,,Accacia,,,2009,2361
58,KH,KH,Cambodia,South-East Asia,"Heng Development Co., Ltd",,,Cambodia,,,South-East Asia,,,Agriculture,Forestry,,Trees,,,2006,8654
59,KH,KH,Cambodia,South-East Asia,Heng Heap Investment,,,Cambodia,,,South-East Asia,,,Agriculture,,,Jatropha,,,2009,7000
61,AU,KH,Cambodia,South-East Asia,Indochina Gateway Capital,"BKK Partners (investment funding, investing in Indochina Gateway Capital)",,Australia,,,Australia and New Zealand,,,Agriculture,Forestry,,Banana,Oil Palm,Rice,2010,100000
62,KH,KH,Cambodia,South-East Asia,"Kain Co., Ltd",,,Cambodia,,,South-East Asia,,,Agriculture,,,Rubber,,,2006,4535
63,KH,KH,Cambodia,South-East Asia,Kampong Speu Sugar,,,Cambodia,,,South-East Asia,,,Agriculture,,,Sugar Cane,,,2007,10000
64,KR,KH,Cambodia,South-East Asia,Kapa Ltd,,,Republic of Korea,,,Eastern Asia,,,,,,,,,,40000
65,KH,KH,Cambodia,South-East Asia,Kiri Development,,,Cambodia,,,South-East Asia,,,Agriculture,,,Rubber,,,2009,807
67,KH,KH,Cambodia,South-East Asia,Koh Kong Plantation Company Limited,,,Cambodia,,,South-East Asia,,,Agriculture,,,Sugar Cane,,,2006,9400
68,TH,KH,Cambodia,South-East Asia,Koh Kong Sugar Company Limited,,,Thailand,,,South-East Asia,,,Agriculture,,,Sugar Cane,,,2006,9700
70,CN,KH,Cambodia,South-East Asia,Land and Developing (Cambodia),,,China,,,Eastern Asia,,,Agriculture,Forestry,,Accacia,,,2008,7000
71,KH,KH,Cambodia,South-East Asia,"LEANG HOUR HONG Import and Export, Agro Industry Development and Processing",,,Cambodia,,,South-East Asia,,,Agriculture,,,Cassava (Maniok),,,2000,8000
73,KH,KH,Cambodia,South-East Asia,Cane Sugar Valley,,,Cambodia,Thailand,,South-East Asia,,,Agriculture,Industry,,Sugar (no specification),,,2008,6595
74,KH,KH,Cambodia,South-East Asia,"Mean Rithy Co., Ltd",,,Cambodia,,,South-East Asia,,,Agriculture,,,,,,2006,9784
75,VN,KH,Cambodia,South-East Asia,Mega Star Investment and Forestry Development,,,Viet Nam,,,South-East Asia,,,Agriculture,,,Rubber,,,2009,8000
76,KH,KH,Cambodia,South-East Asia,Men Sarun Import Export,,,Cambodia,,,South-East Asia,,,Agriculture,,,Rubber,,,2006,4400
77,VN,KH,Cambodia,South-East Asia,Hong An Mang Yang K Rubber Development,,,Viet Nam,,,South-East Asia,,,Agriculture,,,Rubber,,,2009,6891
78,KH,KH,Cambodia,South-East Asia,Mieng Ly Heng Investment,,,Cambodia,,,South-East Asia,,,Agriculture,,,Rubber,,,2005,3000
80,KH,KH,Cambodia,South-East Asia,"Mong Reththy Investment Cassava Cambodia Co., Ltd",,,Cambodia,,,South-East Asia,,,Agriculture,,,Cassava (Maniok),,,2000,1800
82,KR,KH,Cambodia,South-East Asia,Oryung Construction,,,Republic of Korea,,,Eastern Asia,,,Agriculture,,,Rubber,,,2006,6866
83,KR,KH,Cambodia,South-East Asia,"PDA (Cambodia) Co., Ltd",,,Republic of Korea,,,Eastern Asia,,,Agriculture,Forestry,,Accacia,Cassava (Maniok),Rubber,2009,5256
85,KH,KH,Cambodia,South-East Asia,"Phea Phimex Co., Ltd",,,Cambodia,,,South-East Asia,,,Agriculture,Forestry,,Eucalyptus,,,2000,315028
88,KH,KH,Cambodia,South-East Asia,Phnom Penh Sugar Company,Oknha H.E.,,Cambodia,,,South-East Asia,,,Agriculture,,,Sugar Cane,,,2010,8776
89,CN,KH,Cambodia,South-East Asia,PHOU MADY INVESTMENT GROUP,,,China,,,Eastern Asia,,,Agriculture,Forestry,,Accacia,Teak,Trees,2006,10000
90,US,KH,Cambodia,South-East Asia,Plantation Agric Dvpt,,,United States of America,,,Northern America,,,Agriculture,,,,,,2006,9214
93,KH,KH,Cambodia,South-East Asia,Rath Sambath,,,Cambodia,,,South-East Asia,,,Agriculture,,,Rubber,,,2009,5200
94,KH,KH,Cambodia,South-East Asia,Research Mining and Development,,,Cambodia,,,South-East Asia,,,Agriculture,Forestry,,Accacia,,,2009,7200
95,TH,KH,Cambodia,South-East Asia,River Sugarcane,,,Thailand,,,South-East Asia,,,Agriculture,,,Sugar Cane,,,2008,6618
96,KH,KH,Cambodia,South-East Asia,"SAL SOPHEA PEANICH Co., Ltd.",,,Cambodia,,,South-East Asia,,,Agriculture,Forestry,,Accacia,,,2001,9917
97,KH,KH,Cambodia,South-East Asia,"Samrong Rubber Industries Pte., Ltd",,,Cambodia,,,South-East Asia,,,Agriculture,Forestry,,Rubber,,,2006,9658
98,CN,KH,Cambodia,South-East Asia,"Seang Long Green Land Investment (Cambodia) Co., Ltd",,,China,,,Eastern Asia,,,Agriculture,Forestry,,Accacia,,,2009,7000
99,KH,KH,Cambodia,South-East Asia,"Sekong Aphivath Co., Ltd",,,Cambodia,,,South-East Asia,,,,,,,,,2006,9850
100,SG,KH,Cambodia,South-East Asia,Singapore HLH group,,,Singapore,,,South-East Asia,,,Agriculture,,,Corn (Maize),,,2008,9985
101,KH,KH,Cambodia,South-East Asia,"SIV GUEK INVESTMENT Co., Ltd.",,,Cambodia,,,South-East Asia,,,Agriculture,Forestry,,Accacia,,,2006,10000
102,KH,KH,Cambodia,South-East Asia,"SOPHEAK NIKA Investment Agro-Industrial Plants Co., Ltd",,,Cambodia,,,South-East Asia,,,Agriculture,Forestry,,Accacia,Rubber,Trees,2005,10000
103,KH,KH,Cambodia,South-East Asia,"Sophorn Theary Peanich Co., Ltd",,,Cambodia,,,South-East Asia,,,Agriculture,,,Rubber,,,2006,5042
105,VN,KH,Cambodia,South-East Asia,Ta Bien Kampong Thom Rubber Development,,,Viet Nam,,,South-East Asia,,,Agriculture,,,Rubber,,,2007,8100
108,KH,KH,Cambodia,South-East Asia,"Thy Nga Development and Investment Co., Ltd",,,Cambodia,,,South-East Asia,,,Agriculture,,,Rubber,,,2009,6060
110,KH,KH,Cambodia,South-East Asia,TTY Industrial Crops Development Import-Export,,,Cambodia,,,South-East Asia,,,Agriculture,,,Cassava (Maniok),,,2000,1070
111,KH,KH,Cambodia,South-East Asia,Uk Khun Industrial Plants and Other  Development,,,Cambodia,,,South-East Asia,,,Agriculture,,,Apple,,,2002,12506
112,CN,KH,Cambodia,South-East Asia,"Unigreen Resource Co., Ltd",,,China,,,Eastern Asia,,,Agriculture,,,Rubber,,,2009,8000
113,CN,KH,Cambodia,South-East Asia,Un-Inter Trading and Development Group (Cambodia),,,China,,,Eastern Asia,,,Agriculture,Forestry,,Accacia,,,2009,7000
114,KH,KH,Cambodia,South-East Asia,"VANNMA Import-Export Co., Ltd",,,Cambodia,,,South-East Asia,,,Agriculture,,,Cassava (Maniok),,,2004,1200
116,KH,KH,Cambodia,South-East Asia,"WORLD TRISTAR ENTERTAINMENT  (CAMBODIA) Co., Ltd",,,Cambodia,,,South-East Asia,,,Agriculture,,,Corn (Maize),,,2005,9800
117,CN,KH,Cambodia,South-East Asia,Wuzhishan L.S Group,,,China,,,Eastern Asia,,,Agriculture,Forestry,,Trees,,,2005,10000
127,CN,KH,Cambodia,South-East Asia,Kimsville Corp.,,,China,,,Eastern Asia,,,Agriculture,,,Apple,Cashew,Cassava (Maniok),2000,3200
129,TH,KH,Cambodia,South-East Asia,Real Green Co. Ltd,,,Thailand,,,South-East Asia,,,Agriculture,,,Cassava (Maniok),,,2006,8000
130,VN,KH,Cambodia,South-East Asia,"Dong Nai Kratie Apivath Caoutchouk Co., Ltd",,,Viet Nam,,,South-East Asia,,,Agriculture,,,Rubber,,,2008,2502
144,FI,CN,China,Eastern Asia,stora enso,,,Finland,,,Northern Europe,,,Agriculture,Forestry,,Eucalyptus,,,2009,40000
145,CN,CN,China,Eastern Asia,china government,,,China,,,Eastern Asia,,,Agriculture,,,Jatropha,,,,666667
146,CN,CN,China,Eastern Asia,Longyang forestry farm,,,China,,,Eastern Asia,,,Agriculture,Forestry,,Trees,,,,1342
147,CN,CN,China,Eastern Asia,Xinghuan Forestry development Coompany & Luhuan Forestry development company,International Bank for reconstruction and Development / Government of Spain,,China,,,Eastern Asia,Southern Europe,,Agriculture,Forestry,,Eucalyptus,,,,4000
148,CN,CN,China,Eastern Asia,"Sujiang Forestry farm, Yunnan",,,China,,,Eastern Asia,,,Agriculture,Forestry,,Trees,,,,467
149,CN,CN,China,Eastern Asia,Zhongjiayao forest management Company Ltd,Keio university,,China,Japan,,Eastern Asia,,,Agriculture,Forestry,,Trees,,,,387
150,CN,CN,China,Eastern Asia,daduhe Forestation administration,,,China,,,Eastern Asia,,,Agriculture,Forestry,,Trees,,,,2551
152,CN,CN,China,Eastern Asia,China Agri-Industries Holding,,,China,,,Eastern Asia,,,Agriculture,,,Rice,,,,20000
153,HK,CN,China,Eastern Asia,Lee & Man Paper Manufacturing,,,"China, Hong Kong Special Administrative Region",,,Eastern Asia,,,Agriculture,Forestry,,Eucalyptus,,,,100000
154,CN,CN,China,Eastern Asia,China Huiyuan Juice Groups,,,China,,,Eastern Asia,,,Agriculture,Forestry,,Flowers,Fruit,Trees,,200000
155,CN,CN,China,Eastern Asia,Chung Hwa Pulp,,,China,,,Eastern Asia,,,Agriculture,Forestry,,Papaya,,,,28700
163,GB,ID,Indonesia,South-East Asia,D1 Oils PLC,,,United Kingdom of Great Britain and Northern Ireland,,,Northern Europe,,,Agriculture,,,Jatropha,,,,500
164,IN,ID,Indonesia,South-East Asia,K S Oils,,,India,,,South Asia,,,Agriculture,,,Oil Palm,,,2008,55847
166,ID,ID,Indonesia,South-East Asia,Sinar Mas group,Artha Graha,CITIC group,Indonesia,China,,South-East Asia,Eastern Asia,,Agriculture,,,Oil Palm,,,2005,500000
170,IN,ID,Indonesia,South-East Asia,KS oils,,,India,,,South Asia,,,Agriculture,,,,,,,24000
174,QA,ID,Indonesia,South-East Asia,Qatar Investment Authority (QIA),,,Qatar,,,Middle East,,,Agriculture,,,Oil Palm,,,,500000
177,SG,ID,Indonesia,South-East Asia,KS Natural Resources Pvt. Ltd (KSNR),,,Singapore,,,South-East Asia,,,Agriculture,,,Oil Palm,,,2001,14970
178,SG,ID,Indonesia,South-East Asia,Wilmar,,,Singapore,,,South-East Asia,,,Agriculture,,,Oil Palm,,,2001,24844
179,ID,ID,Indonesia,South-East Asia,Wilmar International,,,Indonesia,Singapore,,South-East Asia,,,Agriculture,,,Oil Palm,,,2003,35300
180,US,ID,Indonesia,South-East Asia,BHP Billiton,BHP  Billiton Limited,BHP Billiton Plc,United States of America,Australia,United Kingdom of Great Britain and Northern Ireland,Northern America,Australia and New Zealand,Northern Europe,Agriculture,,,,,,2010,355000
182,MY,ID,Indonesia,South-East Asia,PT Minamas Plantation (under the Guthrie group),,,Malaysia,,,South-East Asia,,,Agriculture,,,Oil Palm,,,2000,250000
183,ID,ID,Indonesia,South-East Asia,"Local individuals , such as local officials, village headmen, trademen, shop owners",,,Indonesia,,,South-East Asia,,,Agriculture,,,Oil Palm,,,,4000
184,ID,ID,Indonesia,South-East Asia,Sinar Mas group,Muting Hijau,Rajawali Group,Indonesia,,,South-East Asia,,,Agriculture,,,Corn (Maize),Oil Palm,Sugar (no specification),2009,1100000
186,MY,ID,Indonesia,South-East Asia,Sime Darby Berhad,,,Malaysia,,,South-East Asia,,,Agriculture,,,Oil Palm,,,,287390
187,SG,ID,Indonesia,South-East Asia,First Resources,,,Singapore,,,South-East Asia,,,Agriculture,,,Oil Palm,,,,200000
188,MY,ID,Indonesia,South-East Asia,Genting Plantations,,,Malaysia,,,South-East Asia,,,Agriculture,,,Oil Palm,,,,121000
189,ID,ID,Indonesia,South-East Asia,Golden Agri Resources (GAR),Flambo International Ltd,,Indonesia,,,South-East Asia,,,Agriculture,,,Oil Palm,,,,427253
190,ID,ID,Indonesia,South-East Asia,Indah Kiat Pulp & Paper,,,Indonesia,,,South-East Asia,,,Agriculture,Forestry,,Papaya,,,,2388468
191,ID,ID,Indonesia,South-East Asia,Indo Agri Food Resources,,,Indonesia,,,South-East Asia,,,Agriculture,,,Oil Palm,Rubber,Sugar (no specification),2007,590791
192,MY,ID,Indonesia,South-East Asia,Kuala Lumpur Kepong,,,Malaysia,,,South-East Asia,,,Agriculture,,,Oil Palm,,,,175007
194,ID,ID,Indonesia,South-East Asia,Astra Agro Lestari,,,Indonesia,,,South-East Asia,,,Agriculture,,,Oil Palm,,,,298534
195,HK,ID,Indonesia,South-East Asia,Noble Group,,,"China, Hong Kong Special Administrative Region",,,Eastern Asia,,,Agriculture,,,Oil Palm,,,,32500
196,ID,ID,Indonesia,South-East Asia,Bakrie Sumatera Plantations,,,Indonesia,,,South-East Asia,,,Agriculture,,,Oil Palm,,,,135556
216,AU,LA,Lao People's Democratic Republic,South-East Asia,Phoubia Mining Co,,,Australia,,,Australia and New Zealand,,,Mining,,,,,,,260000
217,IN,LA,Lao People's Democratic Republic,South-East Asia,Aditya Birla Group,,,India,,,South Asia,,,Agriculture,Forestry,,Eucalyptus,,,2006,50000
219,CN,LA,Lao People's Democratic Republic,South-East Asia,Ari Construction and Building Repairment Co,,,China,,,Eastern Asia,,,Agriculture,,,Rubber,,,,200
221,IN,LA,Lao People's Democratic Republic,South-East Asia,Birla Lao Pulp and Plantations,,,India,,,South Asia,,,Agriculture,Forestry,,Eucalyptus,,,,2207
222,CN,LA,Lao People's Democratic Republic,South-East Asia,Cherchanghang Co.,,,China,,,Eastern Asia,,,Agriculture,,,Rubber,,,,200
223,LA,LA,Lao People's Democratic Republic,South-East Asia,Consortium,,,Lao People's Democratic Republic,,,South-East Asia,,,Agriculture,,,Rubber,,,,3000
225,VN,LA,Lao People's Democratic Republic,South-East Asia,Dac Lac Rubber company,,,Viet Nam,,,South-East Asia,,,Agriculture,Forestry,,Rubber,,,,10000
226,VN,LA,Lao People's Democratic Republic,South-East Asia,Dac Lac,,,Viet Nam,,,South-East Asia,,,Agriculture,Forestry,,Rubber,,,2005,3000
227,RU,LA,Lao People's Democratic Republic,South-East Asia,Dao Lao Co,,,Russian Federation,,,Eastern Europe,,,Mining,,,,,,,581
228,LA,LA,Lao People's Democratic Republic,South-East Asia,Feuangdong Lao Co,,,Lao People's Democratic Republic,,,South-East Asia,,,Agriculture,Livestock,Forestry,Rubber,,,,500
230,KR,LA,Lao People's Democratic Republic,South-East Asia,GO Crapkin Co Ltd,,,Republic of Korea,,,Eastern Asia,,,Livestock,,,,,,,500
234,VN,LA,Lao People's Democratic Republic,South-East Asia,Hoang Anh Gia Lai (HAGL),,,Viet Nam,,,South-East Asia,,,Agriculture,Forestry,,Rubber,,,2008,10000
236,CN,LA,Lao People's Democratic Republic,South-East Asia,Mengla Jiachuang Rubber Trading Co.,,,China,,,Eastern Asia,,,Agriculture,Forestry,,Rubber,,,2005,2000
237,KR,LA,Lao People's Democratic Republic,South-East Asia,Kolao Farm Co Ltd,,,Republic of Korea,,,Eastern Asia,,,Agriculture,,,Jatropha,,,,2327
238,KR,LA,Lao People's Democratic Republic,South-East Asia,Kolao Farm Co Ltd,,,Republic of Korea,,,Eastern Asia,,,Agriculture,,,Jatropha,,,,597
239,KR,LA,Lao People's Democratic Republic,South-East Asia,Kolao Farm Co Ltd,,,Republic of Korea,,,Eastern Asia,,,Agriculture,,,Jatropha,,,,500
240,KR,LA,Lao People's Democratic Republic,South-East Asia,Kolao Farm Co Ltd,,,Republic of Korea,,,Eastern Asia,,,Agriculture,,,Jatropha,,,,2000
241,KR,LA,Lao People's Democratic Republic,South-East Asia,Kolao Farm Co Ltd,,,Republic of Korea,,,Eastern Asia,,,Agriculture,,,Jatropha,,,,200
242,KR,LA,Lao People's Democratic Republic,South-East Asia,Kolao Farm Co Ltd,,,Republic of Korea,,,Eastern Asia,,,Agriculture,,,Jatropha,,,,2500
243,KR,LA,Lao People's Democratic Republic,South-East Asia,Kolao Farm Co Ltd,,,Republic of Korea,,,Eastern Asia,,,Agriculture,,,Jatropha,,,,500
244,KR,LA,Lao People's Democratic Republic,South-East Asia,Kolao Farm Co Ltd,,,Republic of Korea,,,Eastern Asia,,,Agriculture,,,Jatropha,,,,306
246,KR,LA,Lao People's Democratic Republic,South-East Asia,Kolao Farm Co Ltd,,,Republic of Korea,,,Eastern Asia,,,Agriculture,,,Jatropha,,,,200
248,KR,LA,Lao People's Democratic Republic,South-East Asia,Kolao Farm Co Ltd,,,Republic of Korea,,,Eastern Asia,,,Agriculture,,,Jatropha,,,,849
249,KR,LA,Lao People's Democratic Republic,South-East Asia,Kolao Farm Co Ltd,,,Republic of Korea,,,Eastern Asia,,,Agriculture,,,Jatropha,,,,2303
254,MY,LA,Lao People's Democratic Republic,South-East Asia,KV Import Export Co,,,Malaysia,,,South-East Asia,,,Agriculture,,,Jatropha,,,,500
256,LA,LA,Lao People's Democratic Republic,South-East Asia,Lanexang Economic Development,,,Lao People's Democratic Republic,,,South-East Asia,,,Mining,,,,,,,6800
261,TH,LA,Lao People's Democratic Republic,South-East Asia,Lao Thaihua Rubber co,,,Thailand,,,South-East Asia,,,Agriculture,,,Rubber,,,,670
262,TH,LA,Lao People's Democratic Republic,South-East Asia,Lao Thaihua Rubber co,,,Thailand,,,South-East Asia,,,Agriculture,,,Rubber,,,,220
263,TH,LA,Lao People's Democratic Republic,South-East Asia,Lao Thaihua Rubber co,,,Thailand,,,South-East Asia,,,Agriculture,,,Rubber,,,,300
264,TH,LA,Lao People's Democratic Republic,South-East Asia,Lao Thaihua Rubber co,,,Thailand,,,South-East Asia,,,Agriculture,,,Rubber,,,,500
266,CN,LA,Lao People's Democratic Republic,South-East Asia,Power Group (Yunnan Liliang Biological Product Group),,,China,,,Eastern Asia,,,Agriculture,,,Rubber,,,,500
267,CN,LA,Lao People's Democratic Republic,South-East Asia,Power Group (Yunnan Liliang Biological Product Group),,,China,,,Eastern Asia,,,Agriculture,,,Rubber,,,,300
268,TH,LA,Lao People's Democratic Republic,South-East Asia,Mitr Phol Group,,,Thailand,,,South-East Asia,,,Agriculture,,,Sugar Cane,,,2006,10000
272,JP,LA,Lao People's Democratic Republic,South-East Asia,Oji Paper Company,,,Japan,,,Eastern Asia,,,Agriculture,Forestry,,Eucalyptus,,,2005,50000
274,TH,LA,Lao People's Democratic Republic,South-East Asia,Plantheon Co.,,,Thailand,,,South-East Asia,,,Agriculture,,,Coffee Plant,,,2009,2400
276,CN,LA,Lao People's Democratic Republic,South-East Asia,Thien Loui Ye Company,,,China,,,Eastern Asia,,,Agriculture,Forestry,,Rubber,,,,7000
277,CN,LA,Lao People's Democratic Republic,South-East Asia,Tongtheun Lao-China Agriculture Development,,,China,,,Eastern Asia,,,Agriculture,Forestry,,Trees,,,,500
279,VN,LA,Lao People's Democratic Republic,South-East Asia,Vietnam -Lao PDR rubber joint stock,,,Viet Nam,,,South-East Asia,,,,,,,,,,10000
281,VN,LA,Lao People's Democratic Republic,South-East Asia,vietnam-laos rubber joint company,,,Viet Nam,,,South-East Asia,,,Agriculture,Forestry,,Rubber,,,2004,10000
288,TH,LA,Lao People's Democratic Republic,South-East Asia,Xaisomboun Agric Dvpt co,,,Thailand,,,South-East Asia,,,Agriculture,Livestock,,,,,,200
289,MY,LA,Lao People's Democratic Republic,South-East Asia,Xaysomboun Agriculture Development,,,Malaysia,,,South-East Asia,,,Agriculture,,,Jatropha,,,,1000
292,CN,LA,Lao People's Democratic Republic,South-East Asia,Power Group (Yunnan Liliang Biological Product Group),,,China,,,Eastern Asia,,,Agriculture,,,Rubber,,,,500
293,CN,LA,Lao People's Democratic Republic,South-East Asia,Power Group (Yunnan Liliang Biological Product Group),,,China,,,Eastern Asia,,,Agriculture,,,Rubber,,,,500
294,CN,LA,Lao People's Democratic Republic,South-East Asia,Power Group (Yunnan Liliang Biological Product Group),,,China,,,Eastern Asia,,,Agriculture,,,Rubber,,,,500
295,CN,LA,Lao People's Democratic Republic,South-East Asia,Power Group (Yunnan Liliang Biological Product Group),,,China,,,Eastern Asia,,,Agriculture,,,Rubber,,,,2000
299,KR,LA,Lao People's Democratic Republic,South-East Asia,Kolao Farm Co Ltd.,,,Republic of Korea,,,Eastern Asia,,,Agriculture,Forestry,,Trees,,,,1966
300,KR,LA,Lao People's Democratic Republic,South-East Asia,Kolao Farm Co Ltd.,,,Republic of Korea,,,Eastern Asia,,,Agriculture,Forestry,,Trees,,,,2327
319,MY,MY,Malaysia,South-East Asia,Jaya Tiasa,,,Malaysia,,,South-East Asia,,,Agriculture,Forestry,,Eucalyptus,Oil Palm,Trees,2005,1032550
320,MY,MY,Malaysia,South-East Asia,Shin Yang Holding,,,Malaysia,,,South-East Asia,,,Agriculture,Forestry,,Oil Palm,,,,155930
321,MY,MY,Malaysia,South-East Asia,RH Forest Corporation,,,Malaysia,,,South-East Asia,,,Agriculture,Forestry,,Oil Palm,,,,44050
322,MY,MY,Malaysia,South-East Asia,Rimbunan Hijau,,,Malaysia,,,South-East Asia,,,Forestry,,,,,,,164000
323,MY,MY,Malaysia,South-East Asia,TH plantations,,,Malaysia,,,South-East Asia,,,Agriculture,,,Oil Palm,,,,39371
324,MY,MY,Malaysia,South-East Asia,Tradewinds Plantations,,,Malaysia,,,South-East Asia,,,Agriculture,Forestry,,Oil Palm,,,,141465
325,MY,MY,Malaysia,South-East Asia,Bintulu Lumber development (BLD),,,Malaysia,,,South-East Asia,,,Agriculture,,,Oil Palm,,,,53028
326,MY,MY,Malaysia,South-East Asia,Ekran Berhad,,,Malaysia,,,South-East Asia,,,Agriculture,,,Oil Palm,,,,11574
327,MY,MY,Malaysia,South-East Asia,Glenealy Plantations,,,Malaysia,,,South-East Asia,,,Agriculture,,,Oil Palm,,,,21123
328,MY,MY,Malaysia,South-East Asia,Ta Ann plantations,,,Malaysia,,,South-East Asia,,,Agriculture,Forestry,,Oil Palm,,,,675517
329,MY,MY,Malaysia,South-East Asia,Samling Group,,,Malaysia,,,South-East Asia,,,Agriculture,Forestry,,Accacia,Rubber,Trees,,1838000
330,MY,MY,Malaysia,South-East Asia,Boustead Estates Agenc Sdn BHD (BEASB),,,Malaysia,,,South-East Asia,,,Agriculture,Forestry,,Oil Palm,,,,97648
331,SG,MY,Malaysia,South-East Asia,Borneo Pulp and Paper (BPP),,,Singapore,,,South-East Asia,,,Agriculture,Forestry,,Accacia,,,,200000
332,MY,MY,Malaysia,South-East Asia,Sime Darby,,,Malaysia,,,South-East Asia,,,Agriculture,,,Oil Palm,,,,8730
333,NL,MY,Malaysia,South-East Asia,Biofuel Projects International (BFP International),,,Netherlands,,,Western Europe,,,Agriculture,,,Jatropha,,,,62500
334,MY,MY,Malaysia,South-East Asia,Genting Plantations,,,Malaysia,,,South-East Asia,,,Agriculture,,,Oil Palm,,,,77676
335,NL,MY,Malaysia,South-East Asia,FACE/INFRAPRO/Sabat foundation,,,Netherlands,,,Western Europe,,,Forestry,,,,,,,25000
336,MY,MY,Malaysia,South-East Asia,Kuala Lumpur Kepong,,,Malaysia,,,South-East Asia,,,Agriculture,,,Oil Palm,,,,110189
337,MY,MY,Malaysia,South-East Asia,Kulim,,,Malaysia,,,South-East Asia,,,Agriculture,,,Oil Palm,,,,38132
359,AE,PK,Pakistan,South Asia,Al Dahra Company,,,United Arab Emirates,,,Middle East,,,Agriculture,,,Alfalfa,,,2005,960
367,AE,PK,Pakistan,South Asia,Shaikh Zaid Bib Nahyan of Abu Dhabi,,,United Arab Emirates,,,Middle East,,,Tourism,,,,,,,1000
407,BH,PH,Philippines,South-East Asia,Nader and Ibrahim S/O Hassan (NEH),,,Bahrain,,,Middle East,,,Agriculture,,,Banana,Coffee Plant,Corn (Maize),,10000
410,BN,PH,Philippines,South-East Asia,Brunei government,,,Brunei Darussalam,,,South-East Asia,,,Agriculture,,,Rice,,,,10000
411,BN,PH,Philippines,South-East Asia,,,,Brunei Darussalam,,,South-East Asia,,,Agriculture,,,Rice,,,,10000
432,GB,PH,Philippines,South-East Asia,D1 Oils PLC,,,United Kingdom of Great Britain and Northern Ireland,,,Northern Europe,,,Agriculture,,,Jatropha,,,,7000
433,GB,PH,Philippines,South-East Asia,NRG Chemicals,,,United Kingdom of Great Britain and Northern Ireland,,,Northern Europe,,,Agriculture,,,Jatropha,,,,700000
435,JP,PH,Philippines,South-East Asia,Bioenergy North Luzon Inc.,,,Japan,,,Eastern Asia,,,Agriculture,,,Coconut,,,,200000
436,JP,PH,Philippines,South-East Asia,Green Future Innovations. Inc.,GCO,,Japan,China,,Eastern Asia,,,Agriculture,,,Sugar Cane,,,,11000
443,KR,PH,Philippines,South-East Asia,Jeonnam Feedstock Ltd.,,,Republic of Korea,,,Eastern Asia,,,Agriculture,,,Corn (Maize),,,2009,94000
445,KW,PH,Philippines,South-East Asia,,,,Kuwait,,,Middle East,,,Agriculture,,,Corn (Maize),,,,20000
449,PH,PH,Philippines,South-East Asia,San Miguel Corp.,Kuok Group,,Philippines,Malaysia,,South-East Asia,,,Agriculture,,,Cassava (Maniok),Corn (Maize),Oil Palm,2008,1000000
450,PH,PH,Philippines,South-East Asia,Nickel Asia Corp.,,,Philippines,,,South-East Asia,,,Mining,,,,,,2008,4584
451,PH,PH,Philippines,South-East Asia,"SR Metals, Inc.",,,Philippines,,,South-East Asia,,,Mining,,,,,,2008,573
452,PH,PH,Philippines,South-East Asia,AgriNurture Inc. (ANI),Far Eastern Agricultural Investment Co. (FEAICO),,Philippines,Saudi Arabia,,South-East Asia,Middle East,,Agriculture,,,Banana,Corn (Maize),Pineapple,2010,50000
461,SA,PH,Philippines,South-East Asia,Far East Agricultural Co. (FEAC),,,Saudi Arabia,,,Middle East,,,Agriculture,,,Banana,Corn (Maize),Pineapple,2009,20000
462,SA,PH,Philippines,South-East Asia,Tabuk Agri Devt Corp.,,,Saudi Arabia,,,Middle East,,,Agriculture,,,Banana,,,,20000
472,KR,PH,Philippines,South-East Asia,"Central Luzon Bioenergy Corp., PNOC-AFC, ,",DK Biofuels,,Republic of Korea,Denmark,,Eastern Asia,Northern Europe,,Agriculture,,,Cassava (Maniok),Jatropha,Sorghum,,173900
473,SA,PH,Philippines,South-East Asia,"Eastern Renewable Fuels Corp.,",Toyota Tsusho,Eco Global Bio Oils,Saudi Arabia,Japan,Republic of Korea,Middle East,Eastern Asia,,Agriculture,,,Cassava (Maniok),,,,273000
474,JP,PH,Philippines,South-East Asia,"Green Future Innovations. Inc., Korea ,",Overseas Investment and Dev't Corp.,,Japan,,,Eastern Asia,,,Agriculture,,,Corn (Maize),,,,45000
475,NZ,PH,Philippines,South-East Asia,"Herminio  Teves Group,",,,New Zealand,,,Australia and New Zealand,,,Agriculture,,,Jatropha,,,,45300
479,PH,PH,Philippines,South-East Asia,Philippine Forest Corp.,,,Philippines,,,South-East Asia,,,Agriculture,,,Jatropha,,,,7450
481,BH,PH,Philippines,South-East Asia,"RP-Bahrain Harvest Inc., Binsabt International, Intishar Holdings,",Fresh Fruits Co.,,Bahrain,United Arab Emirates,,Middle East,,,Agriculture,,,Banana,,,,20000
483,SA,PH,Philippines,South-East Asia,Savola Group,,,Saudi Arabia,,,Middle East,,,Agriculture,,,Cassava (Maniok),Jatropha,Oil Palm,,232000
486,KR,PH,Philippines,South-East Asia,Ecoglobal,,,Republic of Korea,,,Eastern Asia,,,Agriculture,,,Jatropha,,,,11000
489,SA,PH,Philippines,South-East Asia,KSA,Far Eastern Agricultural Investment Co. (FEAICO),,Saudi Arabia,,,Middle East,,,Agriculture,,,Banana,Corn (Maize),Pineapple,,78000
491,JP,PH,Philippines,South-East Asia,Coral Bay Nickel Mining Corporation (CBNMC) (branch of RTNMC),,,Japan,,,Eastern Asia,,,Mining,,,,,,,3600
492,PH,PH,Philippines,South-East Asia,Macro Asia,,,Philippines,,,South-East Asia,,,Mining,,,,,,2006,1114
493,KR,PH,Philippines,South-East Asia,Biosystems Co. Ltd,,,Republic of Korea,,,Eastern Asia,,,Agriculture,,,Mariculture,,,,100000
495,PH,PH,Philippines,South-East Asia,City government of Taging,,,Philippines,,,South-East Asia,,,Agriculture,,,,,,2008,3000
510,TH,TH,Thailand,South-East Asia,University of Kasetsart and Viengsa agricultural cooperative,,,Thailand,,,South-East Asia,,,Agriculture,,,Jatropha,,,2006,240
512,TH,TH,Thailand,South-East Asia,charoen pokphand,,,Thailand,,,South-East Asia,,,Agriculture,,,Oil Palm,,,2008,672
513,TH,TH,Thailand,South-East Asia,Nong Khai oil research office,,,Thailand,,,South-East Asia,,,Agriculture,,,Oil Palm,,,2007,28000
532,NL,TR,Turkey,Middle East,Forest Returns / Ye_il Ya_am  / More Trees Consultancy,,,Netherlands,,,Western Europe,,,Forestry,,,,,,,4500
541,VN,VN,Viet Nam,South-East Asia,Green Energy Vietnam,,,Viet Nam,,,South-East Asia,,,Agriculture,,,Jatropha,,,,10000
542,JP,VN,Viet Nam,South-East Asia,Quy Nhon plantation forest,,,Japan,,,Eastern Asia,,,Agriculture,Forestry,,Accacia,,,,13000
543,VN,VN,Viet Nam,South-East Asia,Tan Mai,,,Viet Nam,,,South-East Asia,,,Forestry,,,,,,,10000
544,HK,VN,Viet Nam,South-East Asia,Innov Green,,,"China, Hong Kong Special Administrative Region",,,Eastern Asia,,,Agriculture,Forestry,,Accacia,,,2008,63000
546,JP,VN,Viet Nam,South-East Asia,Nissho Iwai,,,Japan,,,Eastern Asia,,,Forestry,,,,,,2001,50000
549,VN,VN,Viet Nam,South-East Asia,Vinapaca,,,Viet Nam,,,South-East Asia,,,Agriculture,Forestry,,Accacia,,,,10175
556,AU,IN,India,South Asia,Mission NewEnergy Limited,,,Australia,,,Australia and New Zealand,,,Agriculture,,,Jatropha,,,,194000
563,IN,IN,India,South Asia,Mundra Port and Special Economic Zone Ltd. (MPSEZL) (Adani Power Private Limited),,,India,,,South Asia,,,Industry,,,,,,2006,2648
564,IN,IN,India,South Asia,Adani Group,,,India,,,South Asia,,,Industry,,,,,,,1081
565,IN,IN,India,South Asia,Adani Power Pvt Ltd,,,India,,,South Asia,,,Industry,,,,,,2007,294
566,IN,IN,India,South Asia,Bharat Forge Ltd,,,India,,,South Asia,,,Industry,,,,,,,2000
567,IN,IN,India,South Asia,DLF,,,India,,,South Asia,,,Industry,,,,,,,485
568,IN,IN,India,South Asia,Essar Hazira SEZ,,,India,,,South Asia,,,Industry,,,,,,2006,267
569,IN,IN,India,South Asia,Gopalpur SEZ Ltd,,,India,,,South Asia,,,,,,,,,,1173
570,IN,IN,India,South Asia,Reliance Haryana SEZ Limited,,,India,,,South Asia,,,Industry,,,,,,,440
571,IN,IN,India,South Asia,H.N.Company,,,India,,,South Asia,,,,,,,,,,400
572,IN,IN,India,South Asia,Indiabulls Infrastructure,,,India,,,South Asia,,,Industry,,,,,,,1023
573,IN,IN,India,South Asia,Karnataka Industrial Areas Development Board (KIADB),,,India,,,South Asia,,,Industry,,,,,,,233
574,IN,IN,India,South Asia,Jindal Stainless Steel,,,India,,,South Asia,,,Industry,,,,,,,446
575,IN,IN,India,South Asia,Jindal,,,India,,,South Asia,,,Industry,,,,,,,2023
576,IN,IN,India,South Asia,Kanataka Public secotrs and IL&FS,,,India,,,South Asia,,,Industry,,,,,,2007,1520
577,IN,IN,India,South Asia,M/S Jindal Power Ltd. Tamnar,,,India,,,South Asia,,,Industry,,,,,,,617
578,IN,IN,India,South Asia,"M/S Jindal Steel & Power Ltd. Patharapali, Raigarh",,,India,,,South Asia,,,Industry,,,,,,,497
581,IN,IN,India,South Asia,Maharashtra Airport Devlopment Ltd,,,India,,,South Asia,,,Industry,,,,,,,1512
582,IN,IN,India,South Asia,Maharashtra Industrial Development Corporation Ltd,,,India,,,South Asia,,,Industry,,,,,,,229
583,IN,IN,India,South Asia,Maharashtra Industrial Development Corporation Ltd,,,India,,,South Asia,,,Industry,,,,,,,200
584,IN,IN,India,South Asia,Maharashtra Industrial Development Corporation,,,India,,,South Asia,,,Agriculture,,,,,,,200
585,IN,IN,India,South Asia,Mahindra Reality developers,,,India,,,South Asia,,,Industry,,,,,,,1000
587,IN,IN,India,South Asia,Mudra Port and SEZ Ltd,,,India,,,South Asia,,,Industry,,,,,,2008,1074
589,IN,IN,India,South Asia,Pan India Paryatan Ltd,,,India,,,South Asia,,,Industry,,,,,,,1000
590,IN,IN,India,South Asia,Pondicherry SEZ Co Ltd,,,India,,,South Asia,,,Industry,,,,,,,346
591,IN,IN,India,South Asia,POSCO,,,India,,,South Asia,,,Industry,,,,,,,1619
592,IN,IN,India,South Asia,Reliance Industries,,,India,,,South Asia,,,Industry,,,,,,,10117
593,IN,IN,India,South Asia,Reliance Infrastructure Ltd,,,India,,,South Asia,,,Industry,,,,,,2006,1764
595,IN,IN,India,South Asia,SIPCOT,,,India,,,South Asia,,,Industry,,,,,,,1214
596,IN,IN,India,South Asia,SIPCOT,,,India,,,South Asia,,,Industry,,,,,,2010,890
597,IN,IN,India,South Asia,SIPCOT,,,India,,,South Asia,,,Industry,,,,,,,1416
598,IN,IN,India,South Asia,SIPCOT,,,India,,,South Asia,,,Industry,,,,,,,647
599,IN,IN,India,South Asia,SIPCOT,,,India,,,South Asia,,,Industry,,,,,,,263
600,IN,IN,India,South Asia,SIPCOT,,,India,,,South Asia,,,Industry,,,,,,,809
601,IN,IN,India,South Asia,SIPCOT,,,India,,,South Asia,,,Industry,,,,,,2001,1012
602,IN,IN,India,South Asia,SKIL Infrastructure,,,India,,,South Asia,,,Industry,,,,,,,3320
603,IN,IN,India,South Asia,SKIL Infrastructure,,,India,,,South Asia,,,Industry,,,,,,2007,4998
607,IN,IN,India,South Asia,Vedanta Alumina Limited,,,India,,,South Asia,,,Industry,,,,,,,243
608,GB,IN,India,South Asia,Vedanta Alumina Limited,Sterlite Industries Ltd,,United Kingdom of Great Britain and Northern Ireland,India,,Northern Europe,South Asia,,Mining,,,,,,2003,712
609,IN,IN,India,South Asia,Videocon Infrastructures,,,India,,,South Asia,,,Industry,,,,,,,1000
610,IN,IN,India,South Asia,,,,India,,,South Asia,,,Agriculture,,,Jatropha,,,,400000
613,CN,IN,India,South Asia,Pache Footwear,,,China,,,Eastern Asia,,,Agriculture,,,,,,2006,1400
628,IN,IN,India,South Asia,T. Shivaleekha Biotech,,,India,,,South Asia,,,Agriculture,,,Jatropha,,,2005,323
629,IN,IN,India,South Asia,Mahindra and Mahindra Company,Rajasthan Industrial Development Corporation (RIICO),,India,,,South Asia,,,Industry,,,,,,2005,1214
630,IN,IN,India,South Asia,Indian government,,,India,,,South Asia,,,Industry,,,,,,2001,465
631,IN,IN,India,South Asia,Indian government,,,India,,,South Asia,,,Agriculture,,,Jatropha,,,2007,85900
632,IN,IN,India,South Asia,Indian government,,,India,,,South Asia,,,Agriculture,,,Jatropha,,,,350
635,IN,IN,India,South Asia,D1 Mohan Bio Oils Ltd.,,,India,United Kingdom of Great Britain and Northern Ireland,,South Asia,Northern Europe,,Agriculture,,,Jatropha,,,,9000
638,IN,IN,India,South Asia,Shiva Distilleries-BAG,,,India,,,South Asia,,,Agriculture,,,Jatropha,,,,700
639,IN,IN,India,South Asia,Shiva Distilleries-BAG,,,India,,,South Asia,,,Agriculture,,,Jatropha,,,,500
640,IN,IN,India,South Asia,Indian government,,,India,,,South Asia,,,Agriculture,,,Jatropha,,,,180000
641,IN,IN,India,South Asia,Indian government,,,India,,,South Asia,,,Agriculture,,,Jatropha,,,,2000000
642,IN,IN,India,South Asia,Indian government,,,India,,,South Asia,,,Agriculture,,,Jatropha,,,,150000
643,IN,IN,India,South Asia,Mangalore SEZ Limited,,,India,,,South Asia,,,Industry,,,,,,,588
644,IN,IN,India,South Asia,Nandan Biomatrix Limited,,,India,,,South Asia,,,Agriculture,,,Jatropha,,,,40000
646,IN,IN,India,South Asia,Nandan Biomatrix Limited,,,India,,,South Asia,,,Agriculture,,,Jatropha,,,,800
650,IN,IN,India,South Asia,Jaisawal Nicco Kondkel,,,India,,,South Asia,,,,,,,,,,885
651,IN,IN,India,South Asia,Monet Steel,,,India,,,South Asia,,,,,,,,,,830
652,IN,IN,India,South Asia,Jindal Power,,,India,,,South Asia,,,,,,,,,,964
653,IN,IN,India,South Asia,Jindal Steels and Power Limited,,,India,,,South Asia,,,,,,,,,,705
654,IN,IN,India,South Asia,Raipur Alloys and Steel,,,India,,,South Asia,,,,,,,,,,336
656,IN,IN,India,South Asia,Indian government,,,India,,,South Asia,,,Industry,,,,,,,1400000
657,IN,IN,India,South Asia,Indian government,,,India,,,South Asia,,,Industry,,,,,,,60704
658,IN,IN,India,South Asia,M/s.  Ramky  Pharma city (India) Limited,,,India,,,South Asia,,,Industry,,,,,,,247
659,IN,IN,India,South Asia,Sanghi SEZ Private Limited,,,India,,,South Asia,,,Industry,,,,,,,202
660,IN,IN,India,South Asia,Kakinada SEZ Pvt. Ltd.,,,India,,,South Asia,,,Industry,,,,,,,1035
661,IN,IN,India,South Asia,Brandix India Apparel City Private Limited (BIAC),,,India,,,South Asia,,,Industry,,,,,,,404
662,IN,IN,India,South Asia,Sri City Pvt. Ltd. (Satyavedu Reserve Infracity Private Limited),,,India,,,South Asia,,,Industry,,,,,,,1023
663,IN,IN,India,South Asia,MAS Fabric Park (India) Private Limited (MFP),,,India,,,South Asia,,,Industry,,,,,,,229
664,IN,IN,India,South Asia,M/s. IFFCO Kisan SEZ Limited.,,,India,,,South Asia,,,Industry,,,,,,,1023
666,IN,IN,India,South Asia,Andhra Pradesh Industrial Infrastructure Corporation Limited (APIIC),,,India,,,South Asia,,,Industry,,,,,,,1032
667,AE,IN,India,South Asia,Anrak Aluminium Ltd.,,,United Arab Emirates,,,Middle East,,,Industry,,,,,,,779
668,IN,IN,India,South Asia,JSW Aluminium Limited,,,India,,,South Asia,,,Industry,,,,,,,240
671,IN,IN,India,South Asia,Mundra Special Economic Zone Ltd.,,,India,,,South Asia,,,Industry,,,,,,,4498
672,IN,IN,India,South Asia,CPL Infrastructure pvt. Ltd.,,,India,,,South Asia,,,Industry,,,,,,,200
673,IN,IN,India,South Asia,Essar Jamnagar SEZ Developer Ltd,,,India,,,South Asia,,,Industry,,,,,,,1125
674,IN,IN,India,South Asia,Kandla Port Trust,,,India,,,South Asia,,,Industry,,,,,,,640
675,IN,IN,India,South Asia,N.G. Realty Pvt.Ltd.,,,India,,,South Asia,,,Industry,,,,,,,230
676,IN,IN,India,South Asia,Chervil Infrastructure Private Limited (Nipiam Infotech Private Limited),,,India,,,South Asia,,,Industry,,,,,,,220
677,IN,IN,India,South Asia,Sterling Erection and Infrastructure Private Limited,,,India,,,South Asia,,,Industry,,,,,,,1263
678,IN,IN,India,South Asia,Karnataka Industrial Areas Development Board,,,India,,,South Asia,,,Industry,,,,,,,203
679,IN,IN,India,South Asia,Karnataka Industrial Areas Development Board,,,India,,,South Asia,,,Industry,,,,,,,281
680,IN,IN,India,South Asia,Suzlon Infrastructure Ltd.,,,India,,,South Asia,,,Industry,,,,,,,259
681,IN,IN,India,South Asia,Cochin Port Trust,,,India,,,South Asia,,,Industry,,,,,,,285
682,IN,IN,India,South Asia,Maharashtra Industrial Development Corporation Ltd.,,,India,,,South Asia,,,Industry,,,,,,,1010
683,IN,IN,India,South Asia,Maharashtra Industrial Development Corporation Ltd.,,,India,,,South Asia,,,Industry,,,,,,,383
684,IN,IN,India,South Asia,Maharashtra Industrial Development Corporation Ltd.,,,India,,,South Asia,,,Industry,,,,,,,208
686,IN,IN,India,South Asia,Viraj Profiles Ltd,,,India,,,South Asia,,,Industry,,,,,,,235
687,IN,IN,India,South Asia,Royal Palms India Private Limited,,,India,,,South Asia,,,Industry,,,,,,,218
688,IN,IN,India,South Asia,Maharashtra Industrial Development Corporation Ltd.,,,India,,,South Asia,,,Industry,,,,,,,200
689,IN,IN,India,South Asia,Navi Mumbai SEZ Pvt. Ltd. (NMSEZ),,,India,,,South Asia,,,Industry,,,,,,,1250
691,IN,IN,India,South Asia,JSW Jaigarh Port Limited,,,India,,,South Asia,,,Industry,,,,,,,226
693,IN,IN,India,South Asia,Jawaharlal Nehru Port Trust (JNPT),,,India,,,South Asia,,,Industry,,,,,,,277
694,IN,IN,India,South Asia,Mahindra World City Developers Limited.,,,India,,,South Asia,,,Industry,,,,,,,627
695,IN,IN,India,South Asia,Tamil Nadu Industrial Development Corporation Limited (TIDCO),,,India,,,South Asia,,,Industry,,,,,,,1020
696,IN,IN,India,South Asia,Tamil Nadu Industrial Development Corporation Limited (TIDCO),,,India,,,South Asia,,,Industry,,,,,,,1172
698,IN,IN,India,South Asia,L&T Shipbuilding Limited,,,India,,,South Asia,,,Industry,,,,,,,318
699,IN,IN,India,South Asia,State Industrial Development Corporation of Uttaranchal Ltd,,,India,,,South Asia,,,Industry,,,,,,,440
710,GB,AR,Argentina,South America,Joseph Lewis and his son Charles Lewis,,,United Kingdom of Great Britain and Northern Ireland,,,Northern Europe,,,Tourism,,,,,,,15000
717,BE,AR,Argentina,South America,Hubert Grosse,,,Belgium,,,Western Europe,,,Tourism,,,,,,,11000
734,US,AR,Argentina,South America,"Ted Turner, magnate of AOL-Time Warner and founder of CNN",,,United States of America,,,Northern America,,,Agriculture,Conservation,,,,,,45000
735,US,AR,Argentina,South America,Douglas Tompkins,,,United States of America,,,Northern America,,,Agriculture,Conservation,,,,,,270000
738,AR,BO,Bolivia (Plurinational State of),South America,Cresud Sacifya,,,Argentina,,,South America,,,Agriculture,,,Soya Beans,,,,16256
739,AR,BO,Bolivia (Plurinational State of),South America,El Tejar (Campos Verde LTD),,,Argentina,,,South America,,,Agriculture,,,Soya Beans,,,,5700
741,KR,BO,Bolivia (Plurinational State of),South America,Korea Resources Corporation (Kores),COMIBOL (Corporación Minera de Bolivia),,Republic of Korea,Bolivia (Plurinational State of),,Eastern Asia,South America,,Mining,,,,,,2008,2700
744,CN,BO,Bolivia (Plurinational State of),South America,Pengxin International Group of Shanghai,,,China,,,Eastern Asia,,,Agriculture,,,Corn (Maize),Sorghum,Soya Beans,2005,12500
748,BR,BR,Brazil,South America,Aracruz Celulose,,,Brazil,,,South America,,,Agriculture,Forestry,,Eucalyptus,,,,155000
753,ES,BR,Brazil,South America,Afirma/Quabit Inmobiliaria SA,Juan Ripoll Group (Grupo JR Ltda),,Spain,,,Southern Europe,,,Tourism,,,,,,,3100
756,JP,BR,Brazil,South America,,,,Japan,,,Eastern Asia,,,Agriculture,Industry,,Cotton,,,,31000
767,BR,BR,Brazil,South America,Stora Enso,Votorantim,,Brazil,,,South America,,,Agriculture,Forestry,,Eucalyptus,,,,100000
781,NL,BR,Brazil,South America,Biogreen Oil B.V.,,,Netherlands,,,Western Europe,,,Agriculture,,,Jatropha,,,,40000
782,NL,BR,Brazil,South America,BioFuel Projects International B.V (BFP International),Plant a. Bio,,Netherlands,Brazil,,Western Europe,South America,,Agriculture,,,Jatropha,,,2008,5000
783,NL,BR,Brazil,South America,Floresteca Holding N.V.,,,Netherlands,,,Western Europe,,,Agriculture,Forestry,,Teak,,,,37000
784,NL,BR,Brazil,South America,FIAM N.V/RDF Ltda,,,Netherlands,,,Western Europe,,,Agriculture,Forestry,,Trees,,,2007,40000
785,NL,BR,Brazil,South America,Forest Returns / Fazenda Onça Pintada,,,Netherlands,,,Western Europe,,,Agriculture,Forestry,,Trees,,,,7000
794,ES,CL,Chile,South America,"Aceites Borges, from the Borges Pont Group.","Agronoble, chilean subsidiary of the spanish Olivo Noble SA",,Spain,Chile,,Southern Europe,South America,,Agriculture,,,Olives,,,,600
795,ES,CL,Chile,South America,Grupo Torres,,,Spain,,,Southern Europe,,,Agriculture,,,Grapes,,,,800
802,CO,CO,Colombia,South America,Consorcio El Labrador formed by Aportes San Isidro SA and C.I. Tequendama,,,Colombia,,,South America,,,Agriculture,,,Oil Palm,,,,1235
803,CO,CO,Colombia,South America,"Corporación Amigos de los Montes de María, which unites 73 investors who bought land in the region.",,,Colombia,,,South America,,,Agriculture,Livestock,,Fodder Plants,,,2008,60000
804,CO,CO,Colombia,South America,Ecopetrol,,,Colombia,,,South America,,,Agriculture,,,Oil Palm,,,2008,17000
805,CO,CO,Colombia,South America,Ecopetrol,Repsol YPF,,Colombia,Spain,,South America,Southern Europe,,Mining,,,,,,2004,186000
806,CO,CO,Colombia,South America,Urapalma,,,Colombia,,,South America,,,Agriculture,,,Oil Palm,,,2001,21142
807,CO,CO,Colombia,South America,"Various investors from Antioquia. ""Arepas Don Pancho""",,,Colombia,,,South America,,,Agriculture,,,,,,2008,3000
809,US,CO,Colombia,South America,Muriel Mining Corporation (MMC),,,United States of America,,,Northern America,,,Mining,,,,,,2001,16000
811,ZA,CO,Colombia,South America,AngloGold Ashanti,,,South Africa,,,Southern Africa,,,Mining,,,,,,2009,4000
813,NL,CR,Costa Rica,Central America,FIAM,,,Netherlands,,,Western Europe,,,Agriculture,Forestry,,Teak,,,,1300
815,NL,CR,Costa Rica,Central America,Forest Returns,,,Netherlands,,,Western Europe,,,Agriculture,Livestock,Forestry,,,,2004,1114
816,NL,CR,Costa Rica,Central America,Green Capital,,,Netherlands,,,Western Europe,,,Agriculture,Forestry,,Teak,,,,267
829,NL,EC,Ecuador,South America,Oserian Development Company Ltd,,,Netherlands,,,Western Europe,,,Agriculture,,,Flowers,,,,8000
833,ES,GT,Guatemala,Central America,Bionor,,,Spain,,,Southern Europe,,,Agriculture,,,Jatropha,,,2007,10000
834,GT,GT,Guatemala,Central America,Agro Industrias Hame (Corporación Olmeca),,,Guatemala,,,Central America,,,Agriculture,,,Oil Palm,,,,40000
835,GT,GT,Guatemala,Central America,Inversiones de Desarrollo S.A INDESA (Grupo Maegli),,,Guatemala,,,Central America,,,Agriculture,,,Oil Palm,,,,5688
837,GT,GT,Guatemala,Central America,Nacional AgroIndustrial S.A (NAISA),,,Guatemala,,,Central America,,,Agriculture,,,Oil Palm,,,,5000
838,GT,GT,Guatemala,Central America,Palmas de Desarrollo S.A PADESA (Grupo Maegli),,,Guatemala,,,Central America,,,Agriculture,,,Oil Palm,,,2006,2518
839,GT,GT,Guatemala,Central America,Tikindustrias (Grupo del Ingenio Azucarero El Pilar),,,Guatemala,,,Central America,,,Agriculture,,,Oil Palm,,,,4600
841,US,GT,Guatemala,Central America,"Palmas del Ixcan, as subsidiary of Texas-based Green Earth Fuels LLC, controled by  Carlyle Group, Riverstone Holdings and Goldman Sachs funds.",,,United States of America,,,Northern America,,,Agriculture,,,Oil Palm,,,,2500
844,GT,GT,Guatemala,Central America,Agrocaribe SA,,,Guatemala,,,Central America,,,Agriculture,,,Oil Palm,,,,5000
854,ES,MX,Mexico,Central America,"Acciona Energia Mexico (filial de Acciona Energia, Espana)",,,Spain,,,Southern Europe,,,Agriculture,Renewable Energy,,,,,2009,2500
855,ES,MX,Mexico,Central America,"Endesa, Union Fenosa, Preneal, Ibrerdrola, Gamesa",,,Spain,,,Southern Europe,,,Agriculture,Renewable Energy,,,,,2007,5000
857,MX,MX,Mexico,Central America,government of Chiapas,,,Mexico,,,Central America,,,Agriculture,,,Oil Palm,,,2004,44000
859,US,MX,Mexico,Central America,Global Clean Energy Holdings Inc. (GCEH),,,United States of America,,,Northern America,,,Agriculture,,,Jatropha,,,,3581
883,CA,PE,Peru,South America,Inca One Metals,,,Canada,,,Northern America,,,Mining,,,,,,2011,3700
885,PE,PE,Peru,South America,Acuícola R. Mustafá,,,Peru,,,South America,,,,,,,,,,1500
886,PE,PE,Peru,South America,Agrícola Athos,,,Peru,,,South America,,,Agriculture,,,Rapeseed,,,,500
887,PE,PE,Peru,South America,Agricola Chapi S.A.,,,Peru,,,South America,,,Agriculture,,,Flowers,,,,590
889,PE,PE,Peru,South America,Agroindustrias AIB S.A.,,,Peru,,,South America,,,Agriculture,,,Fruit,,,,3200
891,PE,PE,Peru,South America,Alberto Caparó,,,Peru,,,South America,,,,,,,,,,4300
895,PE,PE,Peru,South America,Complejo Agroindustrial Cartavio,,,Peru,,,South America,,,Agriculture,Industry,,Sugar Cane,,,2007,11000
897,PE,PE,Peru,South America,Empresa Agroindustrial Casa Grande,,,Peru,,,South America,,,Agriculture,Industry,,Sugar Cane,,,2006,29383
898,PE,PE,Peru,South America,Empresa Agroindustrial Chiquitoy S.A.,,,Peru,,,South America,,,Agriculture,Industry,,Sugar Cane,,,2006,3200
899,PE,PE,Peru,South America,Empresa Agroindustrial Pomalca S.A.,,,Peru,,,South America,,,Agriculture,Industry,,Sugar Cane,,,2004,10000
900,PE,PE,Peru,South America,Empresa Agroindustrial Sintuco S.A.,,,Peru,,,South America,,,Agriculture,Industry,,Sugar Cane,,,2007,1414
901,PE,PE,Peru,South America,Empresa Agroindustrial Tumán,,,Peru,,,South America,,,Agriculture,Industry,,Sugar Cane,,,2007,11800
903,PE,PE,Peru,South America,Grupo Romero through Agrícola del Caynarachi S.A. (actually Palmas del Oriente S.A.),,,Peru,,,South America,,,Agriculture,,,Oil Palm,,,2007,3000
904,PE,PE,Peru,South America,"Grupo Romero, through its subsidiary Agropecuaria del Shanusi SA",,,Peru,,,South America,,,Agriculture,,,Oil Palm,,,2006,7029
906,PE,PE,Peru,South America,"Grupo Romero, through Agrícola del Chira S.A. (or Caña Brava)",,,Peru,,,South America,,,Agriculture,,,,,,2006,3200
907,PE,PE,Peru,South America,Sociedad Agrícola Saturno S.A,,,Peru,,,South America,,,Agriculture,,,,,,,1500
909,PE,PE,Peru,South America,Industrial Andahuasi,,,Peru,,,South America,,,Agriculture,Industry,,Sugar Cane,,,,7200
910,PE,PE,Peru,South America,Industrial Pucalá S.A.,,,Peru,,,South America,,,Agriculture,Industry,,Sugar Cane,,,2007,6500
911,PE,PE,Peru,South America,IQF del Perú S.A.,,,Peru,,,South America,,,Agriculture,,,Vegetables,,,,912
916,GB,PE,Peru,South America,Monterrico Metals,Consortium Zijin,,United Kingdom of Great Britain and Northern Ireland,China,,Northern Europe,Eastern Asia,,Mining,,,,,,,6472
940,CA,AU,Australia,Australia and New Zealand,Alberta Investment Management Corp (AIMCo),The Australia New Zealand Forest Fund,,Canada,Australia,,Northern America,Australia and New Zealand,,Forestry,,,,,,2011,388500
944,QA,AU,Australia,Australia and New Zealand,Hassad Food Group,,,Qatar,,,Middle East,,,Agriculture,Livestock,,Cotton,,,2010,2630
946,SG,AU,Australia,Australia and New Zealand,Olam,,,Singapore,,,South-East Asia,,,Agriculture,,,Almond,,,2009,9796
976,MY,PG,Papua New Guinea,Melanesia,Kulim,,,Malaysia,,,South-East Asia,,,Agriculture,,,Oil Palm,,,,79178
1003,SE,RU,Russian Federation,Eastern Europe,Alpcot Agro AB,,,Sweden,,,Northern Europe,,,Agriculture,,,,,,,18000
1004,SE,RU,Russian Federation,Eastern Europe,Alpcot Agro AB,,,Sweden,,,Northern Europe,,,Agriculture,,,,,,,15000
1005,SE,RU,Russian Federation,Eastern Europe,Alpcot Agro AB,,,Sweden,,,Northern Europe,,,Agriculture,,,,,,,47000
1006,SE,RU,Russian Federation,Eastern Europe,Alpcot Agro AB,,,Sweden,,,Northern Europe,,,Agriculture,,,,,,,13000
1007,SE,RU,Russian Federation,Eastern Europe,Alpcot Agro AB,,,Sweden,,,Northern Europe,,,Agriculture,,,,,,,15000
1012,RU,RU,Russian Federation,Eastern Europe,Inteko,,,Russian Federation,,,Eastern Europe,,,Agriculture,,,Rapeseed,,,,250000
1013,RU,RU,Russian Federation,Eastern Europe,Pava,,,Russian Federation,,,Eastern Europe,,,Agriculture,,,Barley,Peas,Rye,,140000
1014,KR,RU,Russian Federation,Eastern Europe,Hyundai Heavy Industries,,,Republic of Korea,,,Eastern Asia,,,Agriculture,,,Bean,,,,10000
1016,RU,RU,Russian Federation,Eastern Europe,Black Earth,,,Russian Federation,,,Eastern Europe,,,Agriculture,Livestock,,Corn (Maize),Rapeseed,Sun Flower,,323000
1017,RU,RU,Russian Federation,Eastern Europe,Razgulay group,,,Russian Federation,,,Eastern Europe,,,Agriculture,,,Barley,Rice,Sugar beet,,217000
1019,MY,SB,Solomon Islands,Melanesia,Kulim,,,Malaysia,,,South-East Asia,,,Agriculture,,,Oil Palm,,,,7577
1020,NL,SR,Suriname,South America,The Netherlands farmer,,,Netherlands,,,Western Europe,,,Agriculture,,,Rice,,,,250
1021,NL,SR,Suriname,South America,Forest Returns/Groot Marienbosch,,,Netherlands,,,Western Europe,,,Agriculture,Livestock,Forestry,,,,,823
1047,GB,UA,Ukraine,Eastern Europe,Landkom,,,United Kingdom of Great Britain and Northern Ireland,,,Northern Europe,,,Agriculture,,,Corn (Maize),Rapeseed,Soya Beans,,74000
1048,FR,UA,Ukraine,Eastern Europe,Agro Generation,,,France,,,Western Europe,,,Agriculture,,,Barley,Corn (Maize),Rapeseed,,50000
1049,UA,UA,Ukraine,Eastern Europe,Kernel,,,Ukraine,,,Eastern Europe,,,Agriculture,,,Barley,Corn (Maize),Sun Flower,,180579
1050,AT,UA,Ukraine,Eastern Europe,MCB Agricole,,,Austria,,,Western Europe,,,Agriculture,,,Corn (Maize),Rapeseed,Wheat,,91088
1051,CY,UA,Ukraine,Eastern Europe,Mriya,,,Cyprus,,,Middle East,,,Agriculture,,,Corn (Maize),Potatoes,Rapeseed,,240000
1052,GB,UA,Ukraine,Eastern Europe,Aston Lloya Agri-commodities,,,United Kingdom of Great Britain and Northern Ireland,,,Northern Europe,,,Agriculture,Livestock,,Barley,Corn (Maize),Rapeseed,2009,8000
1053,SE,UA,Ukraine,Eastern Europe,Alpcot Agro,,,Sweden,,,Northern Europe,,,Agriculture,,,Corn (Maize),Mustard,Rapeseed,,18500
1054,CN,AR,Argentina,South America,Heilongjiang Nongken Beidahuang Business Trade Liability Group,,,China,,,Eastern Asia,,,Agriculture,,,Corn (Maize),Soya Beans,Wheat,,330000
1055,AR,AR,Argentina,South America,Cresud,,,Argentina,,,South America,,,Livestock,,,,,,,100911
1056,AR,AR,Argentina,South America,Cresud,,,Argentina,,,South America,,,Agriculture,,,,,,,980
1057,AR,AR,Argentina,South America,Cresud,,,Argentina,,,South America,,,Agriculture,,,,,,,1946
1058,AR,AR,Argentina,South America,Cresud,,,Argentina,,,South America,,,Agriculture,Livestock,,,,,,8365
1059,AR,AR,Argentina,South America,Cresud,,,Argentina,,,South America,,,Livestock,,,,,,,6022
1060,AR,AR,Argentina,South America,Ecodesarrollo Salta SA (Olmedo group),Agropecuaria Cervera SA (Cresud/Irsa),,Argentina,,,South America,,,Agriculture,,,Soya Beans,,,,316718
1061,AR,AR,Argentina,South America,Cresud,,,Argentina,,,South America,,,Agriculture,,,,,,,1054
1062,ES,AR,Argentina,South America,Infinita Renovable,,,Spain,,,Southern Europe,,,Agriculture,,,Rapeseed,,,,50000
1063,LU,AR,Argentina,South America,"Adecoagro (Agropecuaria SA, or International Farmland Holdings)",,,Luxembourg,,,Western Europe,,,Livestock,,,,,,,74000
1064,LU,AR,Argentina,South America,Adecoagro,,,Luxembourg,,,Western Europe,,,Agriculture,,,Rice,,,,17000
1065,LU,AR,Argentina,South America,Adecoagro,,,Luxembourg,,,Western Europe,,,Agriculture,,,,,,,17500
1066,LU,AR,Argentina,South America,Adecoagro,El Tejar SA,,Luxembourg,Argentina,,Western Europe,South America,,Agriculture,,,,,,,10877
1067,LU,AR,Argentina,South America,Adecoagro,El Tejar SA,,Luxembourg,Argentina,,Western Europe,South America,,Agriculture,,,,,,,15451
1068,LU,AR,Argentina,South America,Adecoagro,El Tejar SA,,Luxembourg,Argentina,,Western Europe,South America,,Agriculture,,,,,,,5236
1069,LU,AR,Argentina,South America,Adecoagro,,,Luxembourg,,,Western Europe,,,Agriculture,,,Soya Beans,,,,4960
1070,SA,AR,Argentina,South America,Al-Khorayef conglomerate,,,Saudi Arabia,,,Middle East,,,Agriculture,Livestock,,Sorghum,,,,200000
1071,CO,CO,Colombia,South America,Oleoflores,,,Colombia,,,South America,,,Agriculture,,,Oil Palm,,,,15555
1072,JP,CO,Colombia,South America,Odin Energy Santa Marta Corporation S.A.,,,Japan,,,Eastern Asia,,,Agriculture,,,Oil Palm,,,,8000
1073,CO,CO,Colombia,South America,Biocombustibles sostenibles del caribe,,,Colombia,,,South America,,,Agriculture,,,Oil Palm,,,,22222
1074,CO,CO,Colombia,South America,Bio D S.A.,,,Colombia,,,South America,,,Agriculture,,,Oil Palm,,,,22222
1075,CO,CO,Colombia,South America,Ecodiesel de Colombia S.A.,,,Colombia,,,South America,,,Agriculture,,,Oil Palm,,,,22222
1076,CO,CO,Colombia,South America,Aceites Manuelita S.A.,,,Colombia,,,South America,,,Agriculture,,,Oil Palm,,,,22222
1077,GT,GT,Guatemala,Central America,Biocombustibles de Guatemala (Ricardo Asturias),,,Guatemala,,,Central America,,,Agriculture,,,Jatropha,,,,700
1078,GT,GT,Guatemala,Central America,Ingenio Chawal Utz Aj,,,Guatemala,,,Central America,,,Agriculture,,,Sugar Cane,,,,5000
1083,PE,PE,Peru,South America,Bio Agro Heaven del Sur - Heaven Petroleum Operators,,,Peru,,,South America,,,Agriculture,,,Jatropha,,,,15000
1084,US,PE,Peru,South America,Pure Biofuels,,,United States of America,,,Northern America,,,Agriculture,,,Oil Palm,,,,60000
1085,US,PE,Peru,South America,Pure Biofuels,,,United States of America,,,Northern America,,,Agriculture,,,Oil Palm,,,,14000
1086,US,PE,Peru,South America,Samoa Fiber Holdings Inc.,,,United States of America,,,Northern America,,,Agriculture,Forestry,,Bamboo,,,,15000
1088,ZA,AO,Angola,Central Africa,Agri SA,,,South Africa,,,Southern Africa,,,,,,,,,,140000
1092,GB,AO,Angola,Central Africa,Lonrho Agriculture (=fully owned subsidiary of Lonhro Plc.),,,United Kingdom of Great Britain and Northern Ireland,,,Northern Europe,,,Agriculture,,,Rice,,,,25000
1094,PT,AO,Angola,Central Africa,Gleinol,,,Portugal,,,Southern Europe,,,Agriculture,,,,,,,13000
1101,PT,AO,Angola,Central Africa,Atlantica Group,AfriAgro,,Portugal,,,Southern Europe,,,Agriculture,,,Oil Palm,,,,5000
1106,ZA,BJ,Benin,Western Africa,,,,South Africa,Malaysia,,Southern Africa,South-East Asia,,Agriculture,,,,,,,350000
1113,CN,BJ,Benin,Western Africa,"Complant International Transportation (CI), Sucobe",,,China,,,Eastern Asia,,,Agriculture,,,Sugar Cane,,,,4800
1115,IT,BJ,Benin,Western Africa,Green Waves,,,Italy,,,Southern Europe,,,Agriculture,,,Sun Flower,,,,250000
1117,LY,BJ,Benin,Western Africa,Groupe d'investissement,,,Libya,,,Northern Africa,,,,,,,,,,2000
1118,NG,BJ,Benin,Western Africa,Betexco,,,Nigeria,,,Western Africa,,,Agriculture,,,Cassava (Maniok),,,,1500
1122,ZA,BJ,Benin,Western Africa,,,,South Africa,Malaysia,,Southern Africa,South-East Asia,,Agriculture,,,Oil Palm,,,,300000
1123,NL,BF,Burkina Faso,Western Africa,Biocarburant SA (MBSA),,,Netherlands,,,Western Europe,,,Agriculture,,,Jatropha,,,,1000
1129,CI,CI,Côte d'Ivoire,Western Africa,ADERCI,,,Côte d'Ivoire,,,Western Africa,,,Agriculture,,,Jatropha,,,,100000
1131,CI,CI,Côte d'Ivoire,Western Africa,Valentine Yao,,,Côte d'Ivoire,,,Western Africa,,,Agriculture,,,Jatropha,,,,200
1140,CN,CM,Cameroon,Central Africa,"Shaanxi Land Reclamation General Corporation (also known as Shaanxi State Farm), in CMR it operates through ist subsidiary IKO/ Sino-Cam Iko Ltd.",,,China,,,Eastern Asia,,,Agriculture,,,Cassava (Maniok),Corn (Maize),Fruit,,10000
1141,FR,CM,Cameroon,Central Africa,"Société Sucriere du Cameroun (SOSUCAM), which is a subsidiary of SOMDIAA",,,France,,,Western Europe,,,Agriculture,,,Sugar Cane,,,,11980
1143,BE,CM,Cameroon,Central Africa,Ferne Suisse,,,Belgium,,,Western Europe,,,Agriculture,,,Oil Palm,,,,10000
1148,CM,CM,Cameroon,Central Africa,UNVD/ Yenyi II,,,Cameroon,,,Central Africa,,,Agriculture,,,Rice,,,,3000
1149,CM,CM,Cameroon,Central Africa,"SAFACAM, subsidiary of the Boloré Group",,,Cameroon,,,Central Africa,,,Agriculture,,,Oil Palm,,,,8400
1150,CM,CM,Cameroon,Central Africa,SOCFINAL,Fabri Family Belgium,,Cameroon,Belgium,,Central Africa,Western Europe,,Agriculture,,,Oil Palm,,,,31000
1153,FR,CM,Cameroon,Central Africa,Group Bolleré,,,France,,,Western Europe,,,Agriculture,,,,,,,58000
1154,IN,CM,Cameroon,Central Africa,,,,India,,,South Asia,,,Agriculture,,,Cassava (Maniok),Corn (Maize),Rice,,15000
1156,US,CM,Cameroon,Central Africa,Plantations du Haut Penja (PHP),,,United States of America,France,,Northern America,Western Europe,,Agriculture,,,Banana,,,,6000
1160,CA,CG,Congo,Central Africa,Magindustries,,,Canada,,,Northern America,,,Agriculture,Forestry,,Eucalyptus,,,,68000
1164,IT,CG,Congo,Central Africa,ENI,,,Italy,,,Southern Europe,,,Agriculture,,,Oil Palm,,,,70000
1167,ZA,CG,Congo,Central Africa,Agri SA,,,South Africa,,,Southern Africa,,,Agriculture,,,Cereals (no specification),Rice,Soya Beans,,200000
1187,US,ET,Ethiopia,Eastern Africa,Petropalm Corp Ethiopia,,,United States of America,Austria,,Northern America,Western Europe,,Agriculture,,,Castor Oil Plant,Jatropha,Oil Seeds,,50000
1189,DE,ET,Ethiopia,Eastern Africa,Acazis AG,,,Germany,,,Western Europe,,,Agriculture,,,Castor Oil Plant,,,,56000
1192,DJ,ET,Ethiopia,Eastern Africa,,,,Djibouti,,,Eastern Africa,,,Agriculture,,,Wheat,,,,7000
1193,BR,ET,Ethiopia,Eastern Africa,BDFC,,,Brazil,,,South America,,,Agriculture,,,Sugar Cane,,,,18000
1195,EG,ET,Ethiopia,Eastern Africa,National Bank of Egypt (NBE),,,Egypt,,,Northern Africa,,,Agriculture,,,Cereals (no specification),,,,20000
1196,DK,ET,Ethiopia,Eastern Africa,I.D.C Investment,,,Denmark,Ethiopia,,Northern Europe,Eastern Africa,,Agriculture,,,Jatropha,,,,15000
1197,ET,ET,Ethiopia,Eastern Africa,Amabasel trading organization,,,Ethiopia,,,Eastern Africa,,,Agriculture,,,Jatropha,,,,20000
1198,ET,ET,Ethiopia,Eastern Africa,Jatropha Biofuels Agro-Industry,,,Ethiopia,,,Eastern Africa,,,Agriculture,,,Jatropha,,,,100000
1200,GB,ET,Ethiopia,Eastern Africa,SunBiofuels,,,United Kingdom of Great Britain and Northern Ireland,,,Northern Europe,,,Agriculture,,,Jatropha,,,,5000
1201,GB,ET,Ethiopia,Eastern Africa,SunBiofuels,National Biodiesel Corporation,,United Kingdom of Great Britain and Northern Ireland,Ethiopia,,Northern Europe,Eastern Africa,,Agriculture,,,Jatropha,,,,80000
1202,IN,ET,Ethiopia,Eastern Africa,BHO Bio Products Plc,,,India,,,South Asia,,,Agriculture,,,Cereals (no specification),,,2010,27000
1203,IN,ET,Ethiopia,Eastern Africa,Emami Biotech,,,India,,,South Asia,,,Agriculture,,,Jatropha,Pulses,Sugar (no specification),,11000
1204,IN,ET,Ethiopia,Eastern Africa,Emami Biotech,,,India,,,South Asia,,,Agriculture,,,,,,,40000
1205,IN,ET,Ethiopia,Eastern Africa,Karuturi Global Limited,,,India,,,South Asia,,,Agriculture,,,Oil Palm,Rice,Roses,,300000
1208,IN,ET,Ethiopia,Eastern Africa,Karuturi Global,,,India,,,South Asia,,,Agriculture,,,Corn (Maize),Oil Palm,Rice,,11700
1218,IN,ET,Ethiopia,Eastern Africa,Sannati Agro Farm Enterprise,,,India,,,South Asia,,,Agriculture,,,Cereals (no specification),Pulses,Rice,,10000
1221,IN,ET,Ethiopia,Eastern Africa,Ruchi Soya Industries,,,India,,,South Asia,,,Agriculture,,,Soya Beans,,,2010,25000
1222,IN,ET,Ethiopia,Eastern Africa,VATIC  International Business Plc,n/a,,India,Ethiopia,,South Asia,Eastern Africa,,Agriculture,,,Jatropha,,,,20000
1226,IN,ET,Ethiopia,Eastern Africa,Varun International,,,India,,,South Asia,,,,,,,,,,600000
1228,IL,ET,Ethiopia,Eastern Africa,Global Energy,,,Israel,,,Middle East,,,Agriculture,,,Castor Oil Plant,,,,10000
1229,IN,ET,Ethiopia,Eastern Africa,Shapooraji Pallonji,,,India,,,South Asia,,,Agriculture,,,Pongamia Pinnata,,,,10000
1244,SA,ET,Ethiopia,Eastern Africa,Saudi Star Agricultural Development Plc,,,Saudi Arabia,,,Middle East,,,Agriculture,,,Corn (Maize),Oil Seeds,Rice,2010,10000
1247,US,ET,Ethiopia,Eastern Africa,B&D Food Corporation,,,United States of America,,,Northern America,,,Agriculture,,,Sugar Cane,,,,18000
1258,DE,ET,Ethiopia,Eastern Africa,,,,Germany,,,Western Europe,,,Agriculture,,,,,,,150000
1262,ET,ET,Ethiopia,Eastern Africa,2A 25 International Business,,,Ethiopia,,,Eastern Africa,,,Agriculture,,,,,,,60000
1263,ET,ET,Ethiopia,Eastern Africa,2H 25 International Business,,,Ethiopia,,,Eastern Africa,,,Agriculture,,,,,,,100000
1265,ET,ET,Ethiopia,Eastern Africa,Etan Biofuels,,,Ethiopia,,,Eastern Africa,,,Agriculture,,,,,,,5550
1266,ET,ET,Ethiopia,Eastern Africa,Getachew Mulgeta,,,Ethiopia,,,Eastern Africa,,,Agriculture,,,,,,,25000
1267,ET,ET,Ethiopia,Eastern Africa,Green Energy PLC,,,Ethiopia,,,Eastern Africa,,,Agriculture,,,,,,,50000
1268,ET,ET,Ethiopia,Eastern Africa,Omo Sheleko Agro Industry,,,Ethiopia,,,Eastern Africa,,,Agriculture,,,Oil Palm,,,,5500
1271,ET,ET,Ethiopia,Eastern Africa,Yosef Ayalew,,,Ethiopia,,,Eastern Africa,,,Agriculture,,,,,,,1500
1272,IN,ET,Ethiopia,Eastern Africa,Ramton Agri PLC,,,India,,,South Asia,,,Agriculture,,,Tomatoes,,,,10000
1277,IL,ET,Ethiopia,Eastern Africa,LHB,,,Israel,,,Middle East,,,Agriculture,,,Jatropha,,,,100000
1278,IL,ET,Ethiopia,Eastern Africa,Yehuda Hayun,,,Israel,,,Middle East,,,Agriculture,,,Castor Oil Plant,Chat,Coffee Plant,,8000
1279,IT,ET,Ethiopia,Eastern Africa,Fri-el Group,,,Italy,,,Southern Europe,,,Agriculture,,,Oil Palm,,,,5000
1281,LB,ET,Ethiopia,Eastern Africa,Soubra Abdallah Khalid,,,Lebanon,,,Middle East,,,Agriculture,,,,,,,10000
1284,US,ET,Ethiopia,Eastern Africa,Global Energy Pacific,,,United States of America,,,Northern America,,,Agriculture,,,Jatropha,,,,10000
1285,US,ET,Ethiopia,Eastern Africa,Joshua Flowers,,,United States of America,,,Northern America,,,Agriculture,,,Roses,,,,20000
1287,ZA,ET,Ethiopia,Eastern Africa,Adventure Ethiopia,,,South Africa,Ethiopia,,Southern Africa,Eastern Africa,,,,,,,,,50000
1290,LI,ET,Ethiopia,Eastern Africa,Global Agricultural Resources,,,Liechtenstein,Switzerland,Benin,Western Europe,Western Africa,,Agriculture,,,,,,,60000
1293,US,ET,Ethiopia,Eastern Africa,J.M.B.O Biofuel Production,,,United States of America,Ethiopia,,Northern America,Eastern Africa,,Agriculture,,,,,,,2000
1297,US,ET,Ethiopia,Eastern Africa,Paul Morrel,,,United States of America,Ethiopia,,Northern America,Eastern Africa,,Agriculture,,,,,,,1000
1300,US,ET,Ethiopia,Eastern Africa,Africa Sustainable Energy Corporation,,,United States of America,Netherlands,,Northern America,Western Europe,,Agriculture,,,,,,,20000
1301,CY,ET,Ethiopia,Eastern Africa,F.E.P.E Amero Bio-Oil,,,Cyprus,Israel,,Middle East,,,Agriculture,,,,,,,50000
1304,IN,ET,Ethiopia,Eastern Africa,S&P Energy Solutions Plc,,,India,,,South Asia,,,Agriculture,,,Pongamia Pinnata,,,,50000
1305,IN,ET,Ethiopia,Eastern Africa,Almidha,,,India,,,South Asia,,,Agriculture,,,Sugar (no specification),,,,28000
1306,CN,ET,Ethiopia,Eastern Africa,Hunan Dafengyuan Agriculture Co. Ltd,,,China,,,Eastern Asia,,,Agriculture,,,Sugar Cane,,,,25000
1308,IN,ET,Ethiopia,Eastern Africa,CLC industries PLC,,,India,,,South Asia,,,Agriculture,,,Cotton,,,,25000
1309,NL,ET,Ethiopia,Eastern Africa,HVA International NV,,,Netherlands,,,Western Europe,,,Agriculture,,,Sugar Cane,,,,8600
1318,NL,ET,Ethiopia,Eastern Africa,Elva NederlandLtd,,,Netherlands,,,Western Europe,,,Agriculture,,,Jatropha,,,,2500
1319,NL,ET,Ethiopia,Eastern Africa,Kooy Bioflow B.VRecipient & Mekiya Agri Mechanization Service,,,Netherlands,,,Western Europe,,,Agriculture,,,Jatropha,,,,200
1320,NL,ET,Ethiopia,Eastern Africa,Africa Juice,,,Netherlands,,,Western Europe,,,Agriculture,,,Fruit,,,,12000
1321,NL,ET,Ethiopia,Eastern Africa,Sher Ethiopia,,,Netherlands,,,Western Europe,,,Agriculture,,,Flowers,,,,1000
1323,IL,GH,Ghana,Western Africa,Galten Global Alternative Energy,,,Israel,,,Middle East,,,Agriculture,,,Jatropha,,,,100000
1334,CA,GH,Ghana,Western Africa,Kimminic Corp.,,,Canada,,,Northern America,,,Agriculture,,,Corn (Maize),Jatropha,Mango,,13000
1338,GB,GH,Ghana,Western Africa,Jatropha Africa,,,United Kingdom of Great Britain and Northern Ireland,Ghana,,Northern Europe,Western Africa,,Agriculture,,,Jatropha,,,,120000
1339,GH,GH,Ghana,Western Africa,Gold Star Farms,,,Ghana,,,Western Africa,,,Agriculture,,,Jatropha,,,,14000
1350,NL,GH,Ghana,Western Africa,Global Green,,,Netherlands,,,Western Europe,,,Agriculture,Forestry,,Teak,,,,1350
1362,BE,KE,Kenya,Eastern Africa,HG Consulting,,,Belgium,,,Western Europe,,,Agriculture,,,Sugar Cane,,,,42000
1363,CA,KE,Kenya,Eastern Africa,Bedford Biofuels,,,Canada,,,Northern America,,,Agriculture,,,Jatropha,,,,160000
1369,JP,KE,Kenya,Eastern Africa,Biwako Bio-Laboratory,,,Japan,,,Eastern Asia,,,Agriculture,,,Jatropha,,,,30000
1377,CH,KE,Kenya,Eastern Africa,Bioenergy International,,,Switzerland,,,Western Europe,,,Agriculture,,,Jatropha,,,,93000
1378,CH,KE,Kenya,Eastern Africa,Green Power Holding AG,,,Switzerland,,,Western Europe,,,Agriculture,,,Jatropha,,,,30000
1383,KE,KE,Kenya,Eastern Africa,Galole Horticulture Project,,,Kenya,,,Eastern Africa,,,Agriculture,,,Corn (Maize),,,,5000
1385,DE,KE,Kenya,Eastern Africa,Xenerga & Eurofuel tech,,,Germany,United States of America,,Western Europe,Northern America,,Agriculture,,,Jatropha,,,,100000
1388,MY,LR,Liberia,Western Africa,Sime Darby,,,Malaysia,,,South-East Asia,,,Agriculture,Forestry,,Oil Palm,,,,220000
1395,GB,LR,Liberia,Western Africa,equatorial palm oil,,,United Kingdom of Great Britain and Northern Ireland,,,Northern Europe,,,Agriculture,,,Oil Palm,,,,169000
1396,SG,LR,Liberia,Western Africa,Golden Agri Resources,,,Singapore,,,South-East Asia,,,Agriculture,,,Oil Palm,,,,240000
1411,MG,MG,Madagascar,Eastern Africa,DRAMCO,,,Madagascar,,,Eastern Africa,,,Agriculture,,,Jatropha,,,,810
1412,FR,MG,Madagascar,Eastern Africa,DRT,,,France,,,Western Europe,,,Agriculture,Forestry,,Pine,,,,15000
1417,IL,MG,Madagascar,Eastern Africa,Flora Eco Power,,,Israel,,,Middle East,,,Agriculture,,,Jatropha,,,,30000
1419,GB,MG,Madagascar,Eastern Africa,Fuel Stock,,,United Kingdom of Great Britain and Northern Ireland,,,Northern Europe,,,Agriculture,,,Jatropha,,,,30000
1421,LB,MG,Madagascar,Eastern Africa,Global Agro-Fuel,,,Lebanon,,,Middle East,,,Agriculture,,,Jatropha,,,,100000
1422,CA,MG,Madagascar,Eastern Africa,International bank for Reconstruction and Development,,,Canada,,,Northern America,,,Forestry,,,,,,,411
1424,FR,MG,Madagascar,Eastern Africa,J Oils,,,France,,,Western Europe,,,Agriculture,,,Jatropha,,,,10000
1425,DE,MG,Madagascar,Eastern Africa,Jatro Solutions,GreenIsland Madagascar,,Germany,Madagascar,,Western Europe,Eastern Africa,,Agriculture,,,Jatropha,,,,3000
1426,DE,MG,Madagascar,Eastern Africa,"JSL Biofuels Madagascar, German investment funds involved in land grabbing by Profundo 2010",,,Germany,Madagascar,,Western Europe,Eastern Africa,,Agriculture,,,Jatropha,,,,32000
1428,IN,MG,Madagascar,Eastern Africa,Landmark,,,India,,,South Asia,,,Agriculture,,,Corn (Maize),,,,5000
1429,IN,MG,Madagascar,Eastern Africa,Les cultures du Cap East,,,India,Madagascar,,South Asia,Eastern Africa,,Agriculture,Industry,,Oil Palm,,,,9100
1431,GB,MG,Madagascar,Eastern Africa,Madabeef,,,United Kingdom of Great Britain and Northern Ireland,,,Northern Europe,,,Agriculture,,,,,,,200000
1434,MG,MG,Madagascar,Eastern Africa,MCD Suite D1,,,Madagascar,,,Eastern Africa,,,Agriculture,,,Jatropha,,,,600
1436,MU,MG,Madagascar,Eastern Africa,Montevede,,,Mauritius,,,Eastern Africa,,,Agriculture,,,Potatoes,,,,1000
1437,FR,MG,Madagascar,Eastern Africa,NEO,,,France,,,Western Europe,,,Agriculture,,,Jatropha,,,,30000
1438,NL,MG,Madagascar,Eastern Africa,NOTS,,,Netherlands,,,Western Europe,,,Agriculture,,,Jatropha,,,,15000
1439,MG,MG,Madagascar,Eastern Africa,OIT Madagascar Mineral,,,Madagascar,,,Eastern Africa,,,Mining,,,,,,,800
1440,JP,MG,Madagascar,Eastern Africa,Oji Paper,,,Japan,,,Eastern Asia,,,Agriculture,Forestry,,Accacia,,,,30000
1441,ZA,MG,Madagascar,Eastern Africa,Osho Group,,,South Africa,,,Southern Africa,,,Agriculture,,,Sugar Cane,,,,100000
1442,MG,MG,Madagascar,Eastern Africa,SAIM,,,Madagascar,,,Eastern Africa,,,Agriculture,,,Sugar Cane,,,,1520
1445,US,MG,Madagascar,Eastern Africa,Sithe Global,,,United States of America,,,Northern America,,,Agriculture,,,Oil Palm,,,,60000
1446,FR,MG,Madagascar,Eastern Africa,Soabe,,,France,,,Western Europe,,,Agriculture,,,Oil Seeds,,,,4500
1447,MG,MG,Madagascar,Eastern Africa,Sopremad,,,Madagascar,,,Eastern Africa,,,Agriculture,,,Sugar Cane,,,,15000
1453,IT,MG,Madagascar,Eastern Africa,Tozzi Renewable Energy,,,Italy,,,Southern Europe,,,Agriculture,,,Jatropha,,,,100000
1454,IT,MG,Madagascar,Eastern Africa,TRE,,,Italy,,,Southern Europe,,,Agriculture,,,Jatropha,,,,80000
1455,GB,MG,Madagascar,Eastern Africa,UK GEM Biofuels,,,United Kingdom of Great Britain and Northern Ireland,,,Northern Europe,,,Agriculture,,,Jatropha,,,,452500
1457,US,MG,Madagascar,Eastern Africa,Unitech,,,United States of America,,,Northern America,,,Agriculture,,,Sun Flower,,,,150000
1458,IN,MG,Madagascar,Eastern Africa,Varun Industries,,,India,,,South Asia,,,Agriculture,,,Corn (Maize),Lentils,Rice,,465000
1459,FR,MG,Madagascar,Eastern Africa,Vaudo,,,France,,,Western Europe,,,Agriculture,,,Jatropha,,,,1500
1463,BF,ML,Mali,Western Africa,Baba Seid Bally (SBB BIO),,,Burkina Faso,,,Western Africa,,,Agriculture,,,,,,,10000
1464,CA,ML,Mali,Western Africa,SeedRock Africa Agriculture,,,Canada,,,Northern America,,,Agriculture,,,Corn (Maize),Rice,Sorghum,,40000
1467,CN,ML,Mali,Western Africa,China Light Industrial Corporation for Foreign Economic and Technical Cooperation,,,China,,,Eastern Asia,,,Agriculture,,,Sugar Cane,,,,20000
1468,CI,ML,Mali,Western Africa,Assil Meroueh,,,Côte d'Ivoire,,,Western Africa,,,Agriculture,,,Jatropha,,,,5000
1469,CI,ML,Mali,Western Africa,Soudan Fayez,,,Côte d'Ivoire,,,Western Africa,,,,,,,,,,5000
1470,DK,ML,Mali,Western Africa,MFC Nyetaa,,,Denmark,,,Northern Europe,,,Agriculture,,,Jatropha,,,,1000
1475,LY,ML,Mali,Western Africa,Sovereign Wealth Fund (SWF),,,Libya,,,Northern Africa,,,,,,,,,,100000
1480,US,ML,Mali,Western Africa,Southern Global Inc.,,,United States of America,,,Northern America,,,Agriculture,,,Rice,,,,30000
1481,US,ML,Mali,Western Africa,Millenium Challenge Corporation,,,United States of America,,,Northern America,,,Agriculture,,,,,,,22441
1486,FR,ML,Mali,Western Africa,Agro Energy Développement,,,France,,,Western Europe,,,Agriculture,,,Sun Flower,,,,2605
1491,ML,ML,Mali,Western Africa,SNF (Société N'Diaye et Frére),,,Mali,,,Western Africa,,,Agriculture,,,,,,,15000
1492,ML,ML,Mali,Western Africa,Agroenerbio S. A.,,,Mali,,,Western Africa,,,Agriculture,,,,,,,40000
1493,SA,ML,Mali,Western Africa,,,,Saudi Arabia,,,Middle East,,,Agriculture,,,Rice,,,,50000
1495,SA,ML,Mali,Western Africa,Foras International Investment Company / AgroGlobe,,,Saudi Arabia,,,Middle East,,,Agriculture,,,Rice,,,,5000
1498,ML,ML,Mali,Western Africa,SoSuMar,Caneco,CommCo,Mali,,,Western Africa,,,Agriculture,,,Sugar Cane,,,,14100
1504,ML,ML,Mali,Western Africa,SOCIMEX,,,Mali,,,Western Africa,,,Agriculture,,,Jatropha,,,,10000
1509,NL,ML,Mali,Western Africa,Biocarburant SA (MBSA),,,Netherlands,,,Western Europe,,,Agriculture,,,Jatropha,,,,1000
1510,ML,ML,Mali,Western Africa,Schaffer & Associates International LLC (Markala Sugar Project),Government of Mali,Mali private investors,Mali,,,Western Africa,,,Agriculture,,,Sugar (no specification),,,,20000
1513,LY,ML,Mali,Western Africa,Libya Project de SOSUMAR,CANECO,CommCo,Libya,Mali,,Northern Africa,Western Africa,,Agriculture,,,Sugar Cane,,,,14100
1524,GB,MZ,Mozambique,Eastern Africa,Viridesco,,,United Kingdom of Great Britain and Northern Ireland,,,Northern Europe,,,Agriculture,,,Jatropha,,,,1000
1525,CH,MZ,Mozambique,Eastern Africa,Green Power Holding,,,Switzerland,,,Western Europe,,,Agriculture,,,Jatropha,,,,2800
1529,DE,MZ,Mozambique,Eastern Africa,Elaion Africa,,,Germany,,,Western Europe,,,Agriculture,Forestry,,Trees,,,,1000
1530,ZA,MZ,Mozambique,Eastern Africa,ECOMOZ,,,South Africa,Mozambique,,Southern Africa,Eastern Africa,,Agriculture,,,Coconut,,,,21000
1536,MZ,MZ,Mozambique,Eastern Africa,Eng Petiz,,,Mozambique,,,Eastern Africa,,,Agriculture,,,Sugar Cane,,,,200
1545,SE,MZ,Mozambique,Eastern Africa,GSFF (Global Solidarity Forest Fund),,,Sweden,,,Northern Europe,,,Agriculture,Forestry,,Eucalyptus,,,,140000
1546,SE,MZ,Mozambique,Eastern Africa,GSFF (Global Solidarity Forest Fund),,,Sweden,,,Northern Europe,,,Agriculture,Forestry,,Teak,,,,35000
1547,SE,MZ,Mozambique,Eastern Africa,GSFF (Global Solidarity Forest Fund),,,Sweden,,,Northern Europe,,,Agriculture,Forestry,,Eucalyptus,,,,17000
1548,IT,MZ,Mozambique,Eastern Africa,AVIA Spa (Aviam),,,Italy,,,Southern Europe,,,Agriculture,,,Jatropha,,,,15050
1549,IN,MZ,Mozambique,Eastern Africa,Kijani Energy,,,India,,,South Asia,,,Agriculture,,,Jatropha,,,,75000
1551,DE,MZ,Mozambique,Eastern Africa,,,,Germany,,,Western Europe,,,Agriculture,,,Jatropha,,,,100000
1552,MZ,MZ,Mozambique,Eastern Africa,Empresa nacinal do Buzi & Galp,,,Mozambique,Portugal,,Eastern Africa,Southern Europe,,Agriculture,,,Jatropha,,,,25000
1553,ZA,MZ,Mozambique,Eastern Africa,,,,South Africa,,,Southern Africa,,,Agriculture,,,Sugar Cane,,,,15000
1554,IT,MZ,Mozambique,Eastern Africa,Mozambique SAB,,,Italy,,,Southern Europe,,,Agriculture,,,Jatropha,,,,6300
1555,IT,MZ,Mozambique,Eastern Africa,Moncada Energy Group SRL,,,Italy,,,Southern Europe,,,Agriculture,,,Jatropha,,,,6950
1556,PT,MZ,Mozambique,Eastern Africa,,,,Portugal,,,Southern Europe,,,Agriculture,,,Sugar Cane,,,,29000
1559,GB,MZ,Mozambique,Eastern Africa,D1 Oils,,,United Kingdom of Great Britain and Northern Ireland,,,Northern Europe,,,Agriculture,,,Jatropha,,,,5348
1562,LY,MZ,Mozambique,Eastern Africa,Libya Africa Investment Portfolio,Ubuntu SA,,Libya,Mozambique,,Northern Africa,Eastern Africa,,Agriculture,,,Rice (hybrid),,,,20000
1563,PT,MZ,Mozambique,Eastern Africa,Galp Energia,,,Portugal,,,Southern Europe,,,Agriculture,,,Jatropha,,,,5000
1564,PT,MZ,Mozambique,Eastern Africa,SGC Energia,,,Portugal,,,Southern Europe,,,Agriculture,,,Jatropha,,,,20000
1572,PT,MZ,Mozambique,Eastern Africa,Quifel Agricola,,,Portugal,,,Southern Europe,,,Agriculture,,,Oil Seeds,Soya Beans,Sun Flower,,23000
1577,PT,MZ,Mozambique,Eastern Africa,Prio Agricultura,,,Portugal,,,Southern Europe,,,Agriculture,,,Corn (Maize),Soya Beans,Sun Flower,,9234
1579,PT,MZ,Mozambique,Eastern Africa,Companhia Aéucareira de Moçambique,,,Portugal,,,Southern Europe,,,Agriculture,,,Sugar Cane,,,,15000
1580,BR,MZ,Mozambique,Eastern Africa,Investcon Limitada,,,Brazil,,,South America,,,Tourism,,,,,,,10000
1643,MW,MW,Malawi,Eastern Africa,Malawi Government Ministry of Defence,,,Malawi,,,Eastern Africa,,,Agriculture,,,,,,,3247
1647,GB,MW,Malawi,Eastern Africa,Cru Investments,,,United Kingdom of Great Britain and Northern Ireland,,,Northern Europe,,,Agriculture,,,,,,,2500
1649,MW,MW,Malawi,Eastern Africa,Press Agriculture Limited,,,Malawi,,,Eastern Africa,,,Agriculture,,,,,,,20000
1650,MW,MW,Malawi,Eastern Africa,Press Agriculture Limited,,,Malawi,,,Eastern Africa,,,Agriculture,,,,,,,4400
1658,NE,NE,Niger,Western Africa,,,,Niger,,,Western Africa,,,Agriculture,,,,,,,2500
1662,NE,NE,Niger,Western Africa,private entrepreneurs,,,Niger,,,Western Africa,,,Livestock,,,,,,,19600
1670,GB,NG,Nigeria,Western Africa,Trans4mation Agrictech,,,United Kingdom of Great Britain and Northern Ireland,,,Northern Europe,,,Agriculture,,,Cassava (Maniok),,,,10000
1679,IT,NG,Nigeria,Western Africa,Fri-El Green Power,,,Italy,,,Southern Europe,,,Agriculture,,,Oil Palm,,,,11292
1680,BE,NG,Nigeria,Western Africa,SIAT S.A. /Presco,,,Belgium,,,Western Europe,,,Agriculture,,,Oil Palm,,,,16000
1683,NG,NG,Nigeria,Western Africa,New Nigeria Farmers,,,Nigeria,,,Western Africa,,,Agriculture,Livestock,,,,,,13000
1713,UG,RW,Rwanda,Eastern Africa,Madhvani Group,,,Uganda,,,Eastern Africa,,,Agriculture,,,Sugar Cane,,,,3100
1733,AE,SD,Sudan,Northern Africa,Al Ain National Wildlife,,,United Arab Emirates,,,Middle East,,,Tourism,Conservation,,,,,,1680000
1742,EG,SD,Sudan,Northern Africa,Citadel Capital,Sudan Egyptian Agricultural Company (SEAC),,Egypt,,,Northern Africa,,,Agriculture,,,,,,,105000
1745,SD,SD,Sudan,Northern Africa,"Aweil Rice Scheme (donor funding from EU, GTZ implements)",,,Sudan,,,Northern Africa,,,Agriculture,,,Rice,,,,6300
1747,EG,SD,Sudan,Northern Africa,Egyptian Irigation Scheme,,,Egypt,,,Northern Africa,,,Agriculture,,,,,,,16800
1749,SD,SD,Sudan,Northern Africa,Yen Thumb Group,,,Sudan,,,Northern Africa,,,Agriculture,,,,,,,3000
1750,SD,SD,Sudan,Northern Africa,Loile National Park (EES Ministry of Wildlife),,,Sudan,,,Northern Africa,,,Agriculture,Tourism,Conservation,,,,,280000
1751,SD,SD,Sudan,Northern Africa,Imatong National Park (Eastern Equatoria State Ministry of Wildlife),,,Sudan,,,Northern Africa,,,Agriculture,Tourism,Conservation,,,,,13200
1752,IN,SD,Sudan,Northern Africa,M.A.J Foundation,,,India,,,South Asia,,,Agriculture,Forestry,,Teak,,,,8020
1753,US,SD,Sudan,Northern Africa,Joint Aid Management (JAM),African Commericial Development (ACD),,United States of America,,,Northern America,,,Agriculture,,,Corn (Maize),Soya Beans,Sugar (no specification),,24300
1754,SD,SD,Sudan,Northern Africa,Eyat Oilfield Services,,,Sudan,,,Northern Africa,,,Agriculture,,,,,,,162000
1755,GB,SD,Sudan,Northern Africa,Equatoria Teak Company,Equatoria Teak Company,,United Kingdom of Great Britain and Northern Ireland,Finland,,Northern Europe,,,Agriculture,Forestry,,Teak,,,,18600
1756,KE,SD,Sudan,Northern Africa,Blue Lakes Limited,,,Kenya,,,Eastern Africa,,,Forestry,,,,,,,560
1757,US,SD,Sudan,Northern Africa,Nile Trading & Development,,,United States of America,,,Northern America,,,Agriculture,Forestry,,Jatropha,,,,600000
1759,NO,SD,Sudan,Northern Africa,Green Resources TreeFarms Sudan (subsidiary),,,Norway,,,Northern Europe,,,Agriculture,Forestry,Conservation,,,,,179000
1760,GB,SD,Sudan,Northern Africa,Central Equatoria Teak Company (CETC),Central Equotaria Teak Company (CETC),,United Kingdom of Great Britain and Northern Ireland,Finland,,Northern Europe,,,Agriculture,,,Teak,,,,1850
1761,CA,SD,Sudan,Northern Africa,Canadian Economic Development Assistance for Southern Sudan (CEDASS),,,Canada,,,Northern America,,,Agriculture,,,Sorghum,,,,12200
1777,FR,SN,Senegal,Western Africa,Compagnie fruitière,,,France,,,Western Europe,,,Agriculture,,,Bean,Cherries,Corn (Maize),,300
1791,SN,SN,Senegal,Western Africa,Asiyla Gum Company,,,Senegal,Saudi Arabia,,Western Africa,Middle East,,Agriculture,,,Rubber,,,,18000
1793,SN,SN,Senegal,Western Africa,Sococim,,,Senegal,,,Western Africa,,,Agriculture,,,Jatropha,,,,11000
1794,FR,SN,Senegal,Western Africa,Danone Groué¸,,,France,,,Western Europe,,,Forestry,,,,,,,1700
1795,FR,SN,Senegal,Western Africa,Société de culture légumière SCL,,,France,,,Western Europe,,,Agriculture,,,Corn (Maize),,,,600
1796,IT,SN,Senegal,Western Africa,Société de tomates séchées STS,,,Italy,,,Southern Europe,,,Agriculture,,,Tomatoes,,,,200
1797,NL,SN,Senegal,Western Africa,Bioking,,,Netherlands,,,Western Europe,,,Agriculture,,,Jatropha,,,,3000
1798,CH,SL,Sierra Leone,Western Africa,Addax Bioenergy,,,Switzerland,,,Western Europe,,,Agriculture,,,Sugar Cane,,,,57000
1807,PT,SL,Sierra Leone,Western Africa,Quifel,,,Portugal,,,Southern Europe,,,Agriculture,,,,,,2009,120000
1809,US,SL,Sierra Leone,Western Africa,Ecotech Timber Corporation,,,United States of America,,,Northern America,,,Forestry,,,,,,,75000
1810,SL,SL,Sierra Leone,Western Africa,Enviro Carbon Access,,,Sierra Leone,,,Western Africa,,,Forestry,,,,,,,243400
1812,CA,SL,Sierra Leone,Western Africa,Sierra Gold Corporation,,,Canada,,,Northern America,,,Forestry,,,,,,,45527
1814,GB,SL,Sierra Leone,Western Africa,Sierra Leone Agriculture,,,United Kingdom of Great Britain and Northern Ireland,,,Northern Europe,,,Agriculture,,,Oil Palm,,,,43000
1818,IR,SL,Sierra Leone,Western Africa,Sepahan Afrique,,,Iran (Islamic Republic of),,,South Asia,,,Agriculture,,,Oil Palm,,,,10117
1821,MV,SO,Somalia,Eastern Africa,Range Resources,,,Maldives,,,South Asia,,,Mining,,,,,,,1500
1822,MV,SO,Somalia,Eastern Africa,Range Resources,,,Maldives,,,South Asia,,,Mining,,,,,,,20000
1837,DE,TZ,United Republic of Tanzania,Eastern Africa,DWS GALOF,,,Germany,,,Western Europe,,,Agriculture,,,Barley,,,,5000
1839,GB,TZ,United Republic of Tanzania,Eastern Africa,Agrica,Rufiji Basin Development Agency (RUBADA),,United Kingdom of Great Britain and Northern Ireland,United Republic of Tanzania,,Northern Europe,Eastern Africa,,Agriculture,,,Rice,,,,5818
1840,GB,TZ,United Republic of Tanzania,Eastern Africa,CAMS Group,,,United Kingdom of Great Britain and Northern Ireland,,,Northern Europe,,,Agriculture,,,Sorghum,,,,45000
1851,NO,TZ,United Republic of Tanzania,Eastern Africa,Green Resources AS,,,Norway,,,Northern Europe,,,Agriculture,Forestry,,Trees,,,,100000
1865,KR,TZ,United Republic of Tanzania,Eastern Africa,Korea Rural Community Crop (KRC),,,Republic of Korea,,,Eastern Asia,,,Agriculture,,,,,,,100000
1867,NL,TZ,United Republic of Tanzania,Eastern Africa,Diligent Energy Systems,,,Netherlands,,,Western Europe,,,Agriculture,,,Jatropha,,,,3500
1872,BE,TZ,United Republic of Tanzania,Eastern Africa,FELISA,,,Belgium,United Republic of Tanzania,,Western Europe,Eastern Africa,,Agriculture,,,Oil Palm,,,,10000
1882,GB,TZ,United Republic of Tanzania,Eastern Africa,InfEnergy Co. Ltd,,,United Kingdom of Great Britain and Northern Ireland,,,Northern Europe,,,Agriculture,,,Oil Palm,,,,5818
1883,GB,TZ,United Republic of Tanzania,Eastern Africa,KIKULETWA Farm Ltd. Alovera Plantation,,,United Kingdom of Great Britain and Northern Ireland,,,Northern Europe,,,Agriculture,,,Aloe Vera,,,,400
1890,ID,TZ,United Republic of Tanzania,Eastern Africa,,,,Indonesia,Malaysia,,South-East Asia,,,Agriculture,,,Oil Palm,,,,8000
1895,SE,TZ,United Republic of Tanzania,Eastern Africa,Sekab,,,Sweden,,,Northern Europe,,,Agriculture,,,Sugar Cane,,,,200
1898,US,TZ,United Republic of Tanzania,Eastern Africa,"Sithe Global Power, LLC",,,United States of America,,,Northern America,,,Agriculture,,,Oil Palm,,,,50000
1900,MY,TZ,United Republic of Tanzania,Eastern Africa,,,,Malaysia,,,South-East Asia,,,Agriculture,,,Oil Palm,,,,40000
1901,TZ,TZ,United Republic of Tanzania,Eastern Africa,Tanzanian Government,,,United Republic of Tanzania,,,Eastern Africa,,,Tourism,,,,,,,24319
1903,US,TZ,United Republic of Tanzania,Eastern Africa,AgriSol Energy LLC,Summit Group,Pharos Global Agrciultural Fund,United States of America,United Arab Emirates,,Northern America,Middle East,,Agriculture,Livestock,,Corn (Maize),,,,80317
1904,US,TZ,United Republic of Tanzania,Eastern Africa,AgriSol Energy LLC,Summit Group,Pharos Global Agrciultural Fund,United States of America,United Arab Emirates,,Northern America,Middle East,,Agriculture,Livestock,,Corn (Maize),,,,219800
1906,TZ,TZ,United Republic of Tanzania,Eastern Africa,government,,,United Republic of Tanzania,,,Eastern Africa,,,Tourism,,,,,,,82200
1916,KE,TZ,United Republic of Tanzania,Eastern Africa,Biodiesel East African Ltd.,,,Kenya,,,Eastern Africa,,,Agriculture,,,Jatropha,,,,10000
1917,TZ,TZ,United Republic of Tanzania,Eastern Africa,KITOMONDO Ltd.,,,United Republic of Tanzania,,,Eastern Africa,,,Agriculture,,,Jatropha,,,,2000
1924,TZ,TZ,United Republic of Tanzania,Eastern Africa,Tanzania Green,,,United Republic of Tanzania,,,Eastern Africa,,,Agriculture,,,Jatropha,,,,200
1928,TZ,TZ,United Republic of Tanzania,Eastern Africa,National Service (JKT),,,United Republic of Tanzania,,,Eastern Africa,,,Agriculture,,,Jatropha,,,,700
1931,TZ,TZ,United Republic of Tanzania,Eastern Africa,Tanzania Land Conservation Trust,,,United Republic of Tanzania,,,Eastern Africa,,,Livestock,Tourism,,,,,,17807
1948,NL,TZ,United Republic of Tanzania,Eastern Africa,"K.I. Samen B.V., Grashoek, The Netherlands / Holland Dairies Ltd / Tanga Dairies Cooperative Union (TDCU)",,,Netherlands,,,Western Europe,,,Agriculture,,,,,,,1000
1963,DE,UG,Uganda,Eastern Africa,Neumann Kaffee Group,,,Germany,,,Western Europe,,,Agriculture,,,Coffee Plant,,,2001,1012
1976,UG,UG,Uganda,Eastern Africa,"Vegetable Oil Development Project (joint project by Ugandan Gov't, IFAD, World Bank)","Bidco, Kilangala Oil Palm Growers' Trust",Wilmar,Uganda,Netherlands,,Eastern Africa,Western Europe,,Agriculture,,,Oil Palm,,,2003,10000
1977,NL,UG,Uganda,Eastern Africa,FACE / Mt Elgon,,,Netherlands,,,Western Europe,,,Forestry,,,,,,2002,25000
1981,ZA,ZA,South Africa,Southern Africa,"New Dawn,Dinaledi,Batau and Richmond",,,South Africa,,,Southern Africa,,,Agriculture,Livestock,,Citrus Fruits,,,2007,3443
1982,JP,ZA,South Africa,Southern Africa,Nippon Paper,,,Japan,,,Eastern Asia,,,Forestry,,,,,,,11000
1985,AU,CD,Democratic Republic of the Congo,Central Africa,,,,Australia,,,Australia and New Zealand,,,,,,,,,,3000
2024,DE,ZM,Zambia,Eastern Africa,DWS GALOF,,,Germany,,,Western Europe,,,,,,,,,,27000
2030,AE,ZM,Zambia,Eastern Africa,,,,United Arab Emirates,,,Middle East,,,Agriculture,,,Jatropha,Sugar (no specification),Sugar Cane,2009,200000
2041,GB,ZM,Zambia,Eastern Africa,Viridesco,,,United Kingdom of Great Britain and Northern Ireland,,,Northern Europe,,,Agriculture,,,Jatropha,,,,300
2047,ZM,ZM,Zambia,Eastern Africa,Linknet,,,Zambia,,,Eastern Africa,,,Agriculture,,,Jatropha,,,,1215
2048,ZA,ZM,Zambia,Eastern Africa,AGZAM,,,South Africa,,,Southern Africa,,,Agriculture,,,Sugar Cane,,,,15000
2050,GB,ZM,Zambia,Eastern Africa,Emergent Asset Capital,,,United Kingdom of Great Britain and Northern Ireland,,,Northern Europe,,,Agriculture,Forestry,,Banana,Corn (Maize),Soya Beans,,3000
2059,ZA,ZW,Zimbabwe,Eastern Africa,Zim Bio Energy,,,South Africa,,,Southern Africa,,,Agriculture,Livestock,Tourism,Sugar Cane,,,2008,100000
2064,BR,BR,Brazil,South America,Industrial Madeireira Flona do Jamari Ltda. MADEFLONA,,,Brazil,,,South America,,,Agriculture,Forestry,,Trees,,,2009,17176
2066,BR,BR,Brazil,South America,Amata,,,Brazil,,,South America,,,Agriculture,Forestry,,Trees,,,2009,46184
2067,BR,BR,Brazil,South America,Ebata Produtos Florestais Ltda,,,Brazil,,,South America,,,Agriculture,Forestry,,Trees,,,2009,29769
2068,BR,BR,Brazil,South America,Golf Indústria e Comércio de Madeiras,,,Brazil,,,South America,,,Agriculture,Forestry,,Trees,,,2009,18933
2071,AU,BR,Brazil,South America,Cougar Metals NL,,,Australia,,,Australia and New Zealand,,,Mining,,,,,,2004,330
2072,GB,BR,Brazil,South America,Vatukoula Gold Mines ( Before called River Diamonds PLC),,,United Kingdom of Great Britain and Northern Ireland,,,Northern Europe,,,Mining,,,,,,2004,330
2073,GB,BR,Brazil,South America,Anglo American,,,United Kingdom of Great Britain and Northern Ireland,,,Northern Europe,,,Mining,,,,,,2006,2754
2075,AU,BR,Brazil,South America,Troy Resources NL,,,Australia,,,Australia and New Zealand,,,Mining,,,,,,2008,138178
2078,CA,BR,Brazil,South America,Horizonte Minerals PLC,,,Canada,,,Northern America,,,Mining,,,,,,2010,73000
2088,BR,BR,Brazil,South America,Mineracao Caraíba,,,Brazil,,,South America,,,Mining,,,,,,2007,100000
2094,CA,BR,Brazil,South America,Largo Resources Ltd,,,Canada,,,Northern America,,,Mining,,,,,,2008,27000
2103,BR,BR,Brazil,South America,MMX Corumba,,,Brazil,,,South America,,,Mining,,,,,,2008,9496
2104,BR,BR,Brazil,South America,MMX Corumba,,,Brazil,,,South America,,,Mining,,,,,,2008,756
2105,CA,BR,Brazil,South America,Yamana Gold Inc,,,Canada,,,Northern America,,,Mining,,,,,,,17182
2107,SA,BR,Brazil,South America,Millennium Inorganic Mining Ltd,,,Saudi Arabia,,,Middle East,,,Mining,,,,,,,1186
2108,CA,BR,Brazil,South America,Belo Sun Mining,,,Canada,,,Northern America,,,Mining,,,,,,,58433
2109,CA,BR,Brazil,South America,Verena Minerals Corporation,,,Canada,,,Northern America,,,Mining,,,,,,2005,35000
2110,CA,BR,Brazil,South America,Belo Sun Mining,,,Canada,,,Northern America,,,Mining,,,,,,2006,18669
2111,CA,BR,Brazil,South America,Verena Minerals Corporation,,,Canada,,,Northern America,,,Mining,,,,,,2005,2578
2113,CA,BR,Brazil,South America,Cancana Resources Corp,,,Canada,,,Northern America,,,Mining,,,,,,2008,720
2120,ZA,BR,Brazil,South America,AngloGold Ashanti,,,South Africa,,,Southern Africa,,,Mining,,,,,,,30698
2121,ZA,BR,Brazil,South America,AngloGold Ashanti,Kinross gold corporation,,South Africa,Canada,,Southern Africa,Northern America,,Mining,,,,,,,21096
2130,BR,BR,Brazil,South America,Carbonífera Belluno Ltda,,,Brazil,,,South America,,,Mining,,,,,,2003,766
2136,BR,BR,Brazil,South America,Companhia Siderurgica Nacional,,,Brazil,,,South America,,,Mining,,,,,,2001,250
2144,AU,BR,Brazil,South America,"Mundo Minerals Limited (""Mundo"")",,,Australia,,,Australia and New Zealand,,,Mining,,,,,,2008,713
2145,CA,BR,Brazil,South America,Yamana Gold Inc,,,Canada,,,Northern America,,,Mining,,,,,,2010,197000
2146,GB,BR,Brazil,South America,Ecometals Limited,,,United Kingdom of Great Britain and Northern Ireland,,,Northern Europe,,,Mining,,,,,,2007,13752
2149,CA,BR,Brazil,South America,Yamana Gold Inc,,,Canada,,,Northern America,,,Mining,,,,,,2010,6012
2160,CA,BR,Brazil,South America,Horizonte Minerals PLC,Troy Resources,,Canada,Australia,,Northern America,Australia and New Zealand,,Mining,,,,,,2007,36395
2162,CA,BR,Brazil,South America,Aura Mineral Inc,,,Canada,,,Northern America,,,Mining,,,,,,2010,16370
2163,CA,BR,Brazil,South America,Aura Mineral Inc,,,Canada,,,Northern America,,,Mining,,,,,,2010,29000
2172,BR,BR,Brazil,South America,Grupo Maggi,,,Brazil,,,South America,,,Agriculture,,,Soya Beans,,,,55000
2173,US,BR,Brazil,South America,Bunge Limited,,,United States of America,,,Northern America,,,Agriculture,,,Soya Beans,,,,8000
2174,BR,BR,Brazil,South America,Pelerson Penido,,,Brazil,,,South America,,,Agriculture,,,Soya Beans,,,,4000
2175,BR,BR,Brazil,South America,Grupo Maggi,,,Brazil,,,South America,,,Agriculture,,,Soya Beans,,,,72600
2176,BR,BR,Brazil,South America,Jose Francisco de Morales,,,Brazil,,,South America,,,Agriculture,,,Soya Beans,,,,2750
2177,US,BR,Brazil,South America,Cargill,,,United States of America,,,Northern America,,,Agriculture,,,Soya Beans,,,,300000
2178,US,BR,Brazil,South America,Cargill,,,United States of America,,,Northern America,,,Agriculture,,,Soya Beans,,,,14000
2179,BR,BR,Brazil,South America,Vale,,,Brazil,,,South America,,,Agriculture,,,Oil Palm,,,,60000
2180,BR,BR,Brazil,South America,Petrobras,,,Brazil,,,South America,,,Agriculture,,,Oil Palm,,,,74000
2181,BR,BR,Brazil,South America,Agropalma,,,Brazil,,,South America,,,Agriculture,,,Oil Palm,,,,107000
2182,US,BR,Brazil,South America,Adecoagro SA,,,United States of America,,,Northern America,,,Agriculture,,,Soya Beans,,,,150000
2183,BR,BR,Brazil,South America,Infinity Bio Energy,,,Brazil,,,South America,,,Agriculture,,,Sugar Cane,,,,4000
2184,BR,BR,Brazil,South America,Petrobras,,,Brazil,,,South America,,,Agriculture,,,Oil Palm,,,,30000
2221,IN,ET,Ethiopia,Eastern Africa,Emami Biotech,,,India,,,South Asia,,,Agriculture,,,Oil Seeds,,,,40000
2237,NO,GH,Ghana,Western Africa,BioFuel Africa (Solar Harvest),,,Norway,,,Northern Europe,,,Agriculture,,,Jatropha,,,,950
2239,NO,GH,Ghana,Western Africa,BioFuel Africa (Solar Harvest),,,Norway,,,Northern Europe,,,Agriculture,,,Corn (Maize),,,,10600
2255,AU,MG,Madagascar,Eastern Africa,BioEnergyLtd John Bizeray,,,Australia,,,Australia and New Zealand,,,Agriculture,,,Jatropha,,,,120000
2257,IT,MG,Madagascar,Eastern Africa,Delta Petroli,,,Italy,,,Southern Europe,,,Agriculture,,,Jatropha,,,,20000
2259,MG,MG,Madagascar,Eastern Africa,Bioenergy Invest,,,Madagascar,,,Eastern Africa,,,Agriculture,,,Jatropha,,,,2000
2266,FR,MG,Madagascar,Eastern Africa,Caille Group,,,France,Réunion,,Western Europe,Eastern Africa,,Agriculture,,,Potatoes,,,,300
2273,GB,MZ,Mozambique,Eastern Africa,CAMEC,,,United Kingdom of Great Britain and Northern Ireland,,,Northern Europe,,,Agriculture,,,Sugar Cane,,,,30000
2275,GB,MZ,Mozambique,Eastern Africa,Principal Capital,,,United Kingdom of Great Britain and Northern Ireland,,,Northern Europe,,,Agriculture,,,Sugar Cane,,,,18000
2281,PT,MZ,Mozambique,Eastern Africa,Enerterra SA,,,Portugal,,,Southern Europe,,,Agriculture,,,Jatropha,,,,18500
2286,ZA,MZ,Mozambique,Eastern Africa,Grow Energy Zambeze,,,South Africa,,,Southern Africa,,,Agriculture,,,Jatropha,,,,15000
2321,SY,SD,Sudan,Northern Africa,Government of Syria,,,Syrian Arab Republic,,,Middle East,,,,,,,,,,12600
2362,GB,TZ,United Republic of Tanzania,Eastern Africa,Pharos Miro Agricultural Fund,,,United Kingdom of Great Britain and Northern Ireland,United Arab Emirates,,Northern Europe,Middle East,,Agriculture,,,Rice,,,2010,50000
2370,CN,ZW,Zimbabwe,Eastern Africa,,,,China,,,Eastern Asia,,,,,,,,,2008,101171
2371,BE,SL,Sierra Leone,Western Africa,SocFin,,,Belgium,,,Western Europe,,,,,,Oil Palm,,,2010,6475
2373,SE,MZ,Mozambique,Eastern Africa,Fundação Malonda,,,Sweden,,,Northern Europe,,,Forestry,,,,,,2006,75591
2375,NO,MZ,Mozambique,Eastern Africa,Tree Farms As Lda,,,Norway,,,Northern Europe,,,Forestry,,,,,,2007,9900
2378,MZ,MZ,Mozambique,Eastern Africa,Verto Prisma Lda,,,Mozambique,,,Eastern Africa,,,Livestock,,,,,,2004,10000
2384,ZA,MZ,Mozambique,Eastern Africa,Tongaat-Hulett Sugar,,,South Africa,,,Southern Africa,,,Agriculture,,,Sugar (no specification),,,2008,31174
2389,MZ,MZ,Mozambique,Eastern Africa,Gabriel José Langa,,,Mozambique,,,Eastern Africa,,,Livestock,,,,,,2007,10000
2390,MZ,MZ,Mozambique,Eastern Africa,Trigos Rancho Lda,,,Mozambique,,,Eastern Africa,,,Livestock,,,,,,2005,10000
2391,MZ,MZ,Mozambique,Eastern Africa,Sebastiao Dengo e Joel Bauque,,,Mozambique,,,Eastern Africa,,,Livestock,,,,,,2004,29600
2394,GB,SS,South Sudan,Northern Africa,Commonwealth Development Corporation (CDC),Finnish Fund for Development Cooperation (Finnfund),,United Kingdom of Great Britain and Northern Ireland,Finland,,Northern Europe,,,Forestry,,,Teak,,,2007,20450
2398,TR,TZ,United Republic of Tanzania,Eastern Africa,Safe Production Ltd,,,Turkey,,,Middle East,,,,,,Corn (Maize),,,2005,3500
3003,PT,SL,Sierra Leone,Western Africa,Quifel Agribusiness (SL) Ltd.,,,Portugal,,,Southern Europe,,,Agriculture,,,Cassava (Maniok),Oil Palm,Pineapple,2010,27000
3004,PT,SL,Sierra Leone,Western Africa,Quifel Agribusiness (SL) Ltd.,,,Portugal,,,Southern Europe,,,Agriculture,,,Cassava (Maniok),Oil Palm,Pineapple,2010,74000
3005,GB,SL,Sierra Leone,Western Africa,Sierra Leone Agriculture Ltd.,,,United Kingdom of Great Britain and Northern Ireland,,,Northern Europe,,,Agriculture,,,Oil Palm,,,2010,46000
3006,IR,SL,Sierra Leone,Western Africa,Sepahan Afrique,,,Iran (Islamic Republic of),,,South Asia,,,Agriculture,,,Oil Palm,,,2007,10117
3008,CN,SL,Sierra Leone,Western Africa,Complant,,,China,,,Eastern Asia,,,Agriculture,Industry,,Sugar (no specification),,,2009,1200
3013,SL,SL,Sierra Leone,Western Africa,Sub Sahara Biofuels (S.L.) Limited,,,Sierra Leone,,,Western Africa,,,Industry,,,Sugar (no specification),,,2011,30000
3014,VN,SL,Sierra Leone,Western Africa,Vedico Mange Bureh Farm Ltd.,BHB GmbH Projektmanagment,Cuu Long Delta Rice Research Institute,Viet Nam,Germany,,South-East Asia,Western Europe,,,,,Rice,,,2010,50000
3015,GB,SL,Sierra Leone,Western Africa,Whitestone Charles Andreson,,,United Kingdom of Great Britain and Northern Ireland,,,Northern Europe,,,Agriculture,,,,,,2010,115000
3017,GB,UG,Uganda,Eastern Africa,New Forests Company,Agri-Vie Agribusiness Fund,HSBC,United Kingdom of Great Britain and Northern Ireland,South Africa,,Northern Europe,Southern Africa,,Forestry,,,Eucalyptus,,,2005,20000
3018,UG,UG,Uganda,Eastern Africa,Oil Palm Uganda Limited (OPUL),Government of Uganda,Kalangala Oil Palm Growers,Uganda,,,Eastern Africa,,,Agriculture,,,Oil Palm,,,2003,10000
3019,NO,UG,Uganda,Eastern Africa,Norwegian AfforestationGroup (FACE),,,Norway,,,Northern Europe,,,,,,,,,2006,25000
